SYMBOL,SYMBOL P/E,ADJUSTED P/E
THERMAX,65.47,65.47
WHEELS,17.80,17.80
RIIL,150.21,150.21
PREMIERPOL,20.96,20.96
RAYMOND,15.45,15.45
SHREDIGCEM,45.54,45.54
SESHAPAPER,18.54,18.54
SMLISUZU,22.29,22.29
SUNDRMFAST,38.27,38.27
FACT,1628.98,4041.08
EXIDEIND,40.99,40.99
ELECON,35.24,35.24
CRISIL,63.49,63.49
LMW,168.42,168.42
PEL,73.23,
NELCO,258.21,258.21
MASTEK,20.64,20.90
MAHSCOOTER,74.35,99.50
LUMAXIND,47.13,47.13
TRENT,150.37,150.37
KECL,251.59,
CUMMINSIND,53.08,53.08
KCP,10.45,9.49
JAYBARMARU,27.05,27.05
JBCHEPHARM,42.52,42.52
INFY,25.08,25.08
INDIAGLYCO,33.77,33.77
IONEXCHANG,37.70,37.70
IFBIND,46.78,46.78
IGPL,13.04,13.04
HIMATSEIDE,24.93,10.20
GNFC,13.91,13.91
BPCL,11.54,11.28
BHARATFORG,66.48,60.48
BASF,45.22,46.81
FORCEMOT,22.61,33.25
ATUL,44.43,44.43
ARVIND,25.20,25.20
ACC,14.50,15.02
TATAMOTORS,10.80,10.58
SCI,12.82,12.82
MRPL,881.48,881.48
LINDEINDIA,125.78,125.78
HINDPETRO,12.67,12.67
ESCORTS,31.53,31.49
RELINFRA,1.89,2.19
BAJAJHLDNG,309.01,309.01
ASHOKLEY,21.43,21.55
VOLTAS,45.17,45.17
TITAN,97.18,97.18
TATASTEEL,65.45,56.29
SUNDARMFIN,30.21,30.21
SPIC,14.67,14.67
VEDL,8.42,9.28
SBIN,9.04,9.04
RELIANCE,24.58,24.58
PFIZER,33.21,40.15
NOCIL,30.77,30.77
BOSCHLTD,46.53,46.55
DRREDDY,19.63,19.63
BATAINDIA,47.23,67.05
DEEPAKFERT,21.47,21.47
CHAMBLFERT,14.79,14.79
CARBORUNIV,73.46,94.46
MAHSEAMLES,12.48,12.48
HINDOILEXP,15.41,15.41
DICIND,30.58,31.50
COROMANDEL,32.93,37.94
BALMLAWRIE,18.66,18.66
VINDHYATEL,23.77,23.77
MOTOGENFIN,123.48,123.48
ASIANPAINT,61.27,57.23
RAMCOCEM,91.90,380.92
PGHL,39.01,37.68
ABREL,,917.62
BEML,63.32,63.32
ADOR,32.09,28.55
CENTENKA,16.62,16.62
TATACHEM,119.73,71.66
TORNTPHARM,57.15,56.63
VTL,16.82,16.82
SUNDROP,,87.32
FEDERALBNK,12.31,12.31
EPL,21.20,21.01
VLSFINANCE,18.30,18.30
SUPREMEIND,66.65,66.65
SRF,73.01,73.01
BIRLACABLE,112.85,112.85
BALRAMCHIN,29.99,29.99
AEGISLOG,35.49,35.49
WEIZMANIND,22.55,22.55
UNICHEMLAB,28.07,28.07
BBOX,42.03,32.28
HONAUT,65.46,65.46
JTEKTINDIA,47.64,47.99
SAURASHCEM,139.85,
RANEHOLDIN,12.20,115.45
PRECOT,14.31,14.31
TATAELXSI,49.72,49.72
SUNPHARMA,36.48,34.88
KOHINOOR,0.37,
SHREYANIND,6.34,6.34
SANDESH,11.28,11.36
HCC,20.89,
APOLLOHOSP,68.78,68.78
ARE&M,18.79,20.44
ADANIENT,59.80,68.72
IVP,16.21,16.21
BALKRISIND,28.03,28.03
INDBANK,17.84,17.84
EICHERMOT,37.90,37.90
RAJSREESUG,20.05,20.05
GVT&D,100.82,100.82
NEULANDLAB,59.29,77.32
ONGC,7.95,7.93
ZENSARTECH,29.80,29.80
TIL,887.02,887.02
TAINWALCHM,42.99,42.99
BERGEPAINT,57.73,57.73
BANARISUG,46.77,46.77
JINDALPOLY,9.90,16.77
ANIKINDS,100.42,100.42
KPIL,37.03,37.03
JYOTISTRUC,63.62,63.62
IGARASHI,62.70,62.70
BLUEDART,59.14,59.14
JAYNECOIND,34.42,34.42
MUNJALSHOW,17.98,17.98
APCOTEXIND,37.46,37.46
SOTL,25.64,25.64
HSCL,40.27,40.27
RCF,36.09,36.50
RANASUG,6.12,6.12
KARURVYSYA,10.28,10.28
DECCANCE,166.58,166.58
ARENTERP,62.14,62.14
UFLEX,30.92,9.52
TATAPOWER,32.34,31.26
ADVANIHOTR,21.33,21.33
THOMASCOOK,30.45,29.76
SUNFLAG,32.44,32.44
SUBROS,41.72,41.72
SPMLINFRA,38.11,38.11
SIMPLEXINF,198.14,
SIEMENS,43.40,43.40
BHARATRAS,33.47,33.47
WIPRO,21.41,21.41
VSTIND,17.01,23.75
JUBLPHARMA,22.54,38.68
UNIVCABLES,54.70,54.70
TATACOMM,31.04,49.67
TOKYOPLAST,99.01,99.01
SOMANYCERA,39.49,38.67
MURUDCERA,26.34,26.34
IFCI,49.22,48.85
HLVLTD,34.25,35.35
SANOFI,37.01,34.68
M&M,31.90,31.90
LIBERTSHOE,50.89,45.95
KAJARIACER,53.36,53.36
KABRAEXTRU,31.53,40.21
HEIDELBERG,42.99,42.99
MODTHREAD,46.05,46.05
MANGLMCEM,45.48,45.48
PRSMJOHNSN,294.91,
POLYPLEX,10.92,10.92
PIDILITIND,72.83,72.19
PCBL,35.93,35.90
3PLAND,43.44,43.44
OSWALAGRO,11.52,11.52
EIHAHOTELS,25.00,24.12
HONDAPOWER,37.34,37.34
JINDALSAW,10.76,10.76
SAIL,28.10,22.13
RUBYMILLS,18.69,18.69
STYRENIX,24.10,24.10
ABB,67.45,67.45
IDBI,13.39,13.39
GRAPHITE,23.82,23.82
CANFINHOME,12.18,12.18
BRITANNIA,62.82,62.30
BBL,26.67,26.67
ELECTCAST,11.62,11.62
DHAMPURSUG,19.53,19.53
DCMSHRIRAM,30.98,30.98
DABUR,48.96,48.96
COSMOFIRST,22.78,22.78
CIPLA,23.05,23.05
HEROMOTOCO,18.96,18.96
HDFCBANK,21.03,20.76
HARRMALAYA,26.55,26.55
GMBREW,12.96,12.96
GIPCL,15.39,15.39
ITC,25.95,25.95
INDIANHUME,3.99,23.51
HINDCOMPOS,20.31,15.03
IOC,16.67,19.62
OSWALGREEN,141.35,141.35
HUHTAMAKI,18.73,27.89
RICOAUTO,48.63,46.76
KAMATHOTEL,14.68,15.27
IFBAGRO,31.86,31.86
BANCOINDIA,21.82,21.82
MANINDS,17.31,17.31
APOLLOTYRE,25.56,23.04
SIYSIL,15.97,15.97
SHANTIGEAR,39.99,39.99
PRECWIRE,37.09,37.09
ONWARDTEC,27.70,27.70
NILKAMAL,25.89,25.89
NCC,16.63,16.63
ICIL,23.39,23.39
SEAMECLTD,24.31,26.84
ELGIEQUIP,49.04,49.04
AUROPHARMA,18.51,18.51
BBTC,6.55,6.52
EIHOTEL,31.96,31.03
LICHSGFIN,6.17,6.17
GICHSGFIN,6.53,6.18
BEPL,16.10,16.10
BANARBEADS,27.41,27.41
MOREPENLAB,29.20,29.20
WSTCSTPAPR,10.04,10.04
21STCENMGM,5.31,5.31
VENKEYS,19.48,19.48
GHCL,9.37,9.37
PRUDMOULI,23.53,23.53
PRAJIND,42.01,46.74
BIRLANU,,913.84
BPL,4763.06,6.40
TRANSWORLD,18.01,13.12
KEEPLEARN,162.54,162.54
PGHH,61.08,61.08
VESUVIUS,43.93,43.93
TFCILTD,20.49,20.49
BOMDYEING,6.54,171.97
NAVNETEDUL,4.03,18.06
GUJALKALI,274.35,274.35
AGI,16.39,16.39
GLAXO,59.52,59.73
TATACONSUM,80.76,80.69
ZEEL,20.47,18.35
CHOLAFIN,31.76,31.76
INDHOTEL,56.75,65.29
FMGOETZE,17.75,17.75
KOTAKBANK,19.92,22.91
LYKALABS,51.85,51.85
ORIENTHOT,63.71,63.71
JAYSREETEA,4.08,8.40
GILLETTE,64.01,64.01
GOLDENTOBC,8.90,10.10
KANSAINER,17.76,32.67
FOSECOIND,42.40,42.40
ESABINDIA,45.19,45.19
3MINDIA,67.44,67.44
ANDHRAPAP,18.63,18.63
GABRIEL,37.37,37.37
SCHAEFFLER,65.43,65.43
AARTIIND,72.57,73.56
RALLIS,49.73,49.99
AMJLAND,12.81,12.81
PRAKASH,8.21,8.21
MFSL,138.60,138.60
KSB,59.86,59.86
KOPRAN,23.02,23.02
HEG,97.65,97.65
GODFRYPHLP,49.05,46.89
VARDMNPOLY,36.65,36.65
SURYAROSNI,21.57,21.57
TATAINVEST,164.37,164.37
TIMKEN,56.97,56.97
SUDARSCHEM,81.39,118.66
SHREECEM,93.35,93.35
SAKHTISUG,3.75,7.91
IPCALAB,43.74,40.53
INGERRAND,44.73,44.73
AKZOINDIA,34.37,34.37
HINDALCO,9.45,9.09
HINDZINC,18.04,17.94
HINDUNILVR,50.14,51.24
GSFC,13.79,13.94
GRASIM,24.43,24.15
AMBUJACEM,26.75,26.66
FINPIPE,17.70,31.22
FINCABLES,21.17,29.08
EIDPARRY,10.27,12.10
DCW,76.90,76.90
DCM,22.21,22.21
CGPOWER,106.33,106.33
HEUBACHIND,29.17,29.17
CESC,16.00,16.00
BIRLACORPN,34.21,31.12
BHEL,192.00,192.00
BHARATGEAR,42.12,
BEL,56.14,56.14
BAJFINANCE,34.41,34.41
ASHAPURMIN,15.62,15.62
NAVA,11.71,11.71
CORALFINAC,10.62,10.62
GREENPLY,31.59,31.59
TNPL,305.38,305.38
PARASPETRO,1314.47,1314.47
AUTOAXLES,17.71,17.71
REMSONSIND,29.09,28.95
DALMIASUG,8.68,8.68
NATCOPHARM,8.36,8.36
KHAITANLTD,8.32,8.32
SWARAJENG,30.32,30.32
MRF,31.59,31.59
GARFIBRES,39.35,39.35
ANDHRSUGAR,33.29,22.32
TNPETRO,15.39,20.06
TTKPRESTIG,79.14,39.71
STARPAPER,6.64,6.64
SKFINDIA,41.00,41.00
AUSOMENT,13.74,13.74
EIMCOELECO,28.87,28.87
JAYAGROGN,14.28,14.28
CUBEXTUB,22.96,22.96
MARICO,55.10,55.10
SILINV,20.67,20.67
SAMBHAAV,429.36,429.36
REGENCERAM,48.15,48.15
BIOFILCHEM,138.52,138.52
KEYFINSERV,19.05,19.05
ZENITHEXPO,77.61,
SUNDRMBRAK,60.80,60.80
SANGAMIND,69.48,58.21
MOTHERSON,29.82,29.82
SOMATEX,2.08,
AARTIDRUGS,24.53,24.53
STERTOOLS,22.86,22.86
CREST,12.66,12.66
INDIANCARD,2.16,12.78
HITECHGEAR,33.59,33.59
WENDT,42.94,42.94
DENORA,271.95,271.95
TVSSRICHAK,111.99,82.53
SHRIRAMFIN,13.47,15.24
PUNJABCHEM,38.53,36.23
ELECTHERM,3.60,4.94
DYNAMATECH,112.81,112.81
GUJAPOLLO,291.39,291.39
GANESHHOUC,13.89,13.89
MMFL,14.86,14.86
JAGSNPHARM,26.52,36.95
ALKYLAMINE,64.20,64.20
JCHAC,81.96,81.96
MPHASIS,30.77,30.77
GUJRAFFIA,43.33,43.33
RUCHINFRA,109.05,109.05
ATLASCYCLE,8.59,8.59
RAMCOIND,24.79,24.79
KOTHARIPET,16.41,16.41
HERITGFOOD,24.09,22.86
INDRAMEDCO,23.50,23.50
BANKBARODA,6.04,6.04
MADRASFERT,23.33,23.33
GAIL,11.04,13.33
INDNIPPON,19.99,19.99
SKMEGGPROD,18.66,18.66
TCIFINANCE,5.23,5.41
BANKINDIA,5.66,5.66
CONCOR,36.57,35.83
ICICIBANK,18.70,18.70
KCPSUGIND,28.84,43.47
HUDCO,17.71,17.71
INDSWFTLAB,2.77,160.56
SAREGAMA,47.41,48.33
FDC,28.79,28.79
ENGINERSIN,28.07,28.07
ADROITINFO,111.42,
JAICORPLTD,29.67,29.67
ANTGRAPHIC,93.06,93.06
GMDCLTD,18.68,18.68
MAHAPEXLTD,13.55,33.11
INDUSINDBK,25.10,25.10
ASAHIINDIA,39.48,41.75
TRIGYN,28.50,25.96
J&KBANK,5.81,5.81
CUB,13.12,13.12
SOUTHBANK,6.14,6.14
ASTRAZEN,191.09,91.39
ITDCEM,39.79,39.79
AXISBANK,13.38,13.38
CYIENT,22.04,22.04
SONATSOFTW,27.32,27.32
KOKUYOCMLN,229.41,229.41
DHANBANK,17.66,17.66
SANGHVIMOV,15.90,15.90
STCINDIA,35.33,16.93
VIPCLOTHNG,68.20,68.20
NATIONALUM,6.48,6.48
IVC,133.35,133.35
JINDALSTEL,32.87,
ALEMBICLTD,20.45,20.45
NIPPOBATRY,2.71,2.71
ICDSLTD,54.32,54.32
BSOFT,23.86,23.86
HCLTECH,26.78,26.78
ACCELYA,21.95,22.01
STAR,22.88,20.87
ZYDUSLIFE,21.25,20.85
GLENMARK,46.28,30.60
RAJESHEXPO,94.79,94.79
SHREERAMA,11.12,11.12
NRBBEARING,34.17,219.05
IOB,21.64,21.64
BIL,61.85,61.85
KTKBANK,6.16,6.16
BLBLIMITED,20.54,20.54
AJANTPHARM,35.09,35.09
BLUESTARCO,57.09,58.03
CALSOFT,30.78,30.78
TVSMOTOR,56.72,56.72
PNBGILTS,7.80,7.89
TAJGVK,26.91,26.91
NLCINDIA,11.65,11.65
CHENNPETRO,64.08,64.08
KRBL,17.28,17.28
HAVELLS,66.95,66.95
GAEL,21.09,21.09
USHAMART,26.38,26.38
AXISCADES,74.73,71.52
UMIYA-MRO,23.29,23.29
TIPSMUSIC,51.96,51.96
HIKAL,49.76,49.76
TRIDENT,42.05,42.05
MARKSANS,37.19,37.19
ACLGATI,83.11,140.18
NEXTMEDIA,0.87,
GOLDTECH,35.63,
SMARTLINK,23.92,23.92
GODREJCP,65.47,63.61
JISLJALEQS,150.91,150.91
LUPIN,26.73,26.73
UNITDSPR,66.60,64.75
TCI,26.66,26.66
MPSLTD,32.00,33.04
BHARTIARTL,33.18,41.52
ASAL,55.36,55.36
OLECTRA,71.91,71.65
PONNIERODE,14.87,14.87
PNB,6.98,6.98
APTECHT,47.21,45.99
SURANAT&P,11.17,11.19
TIMESGTY,69.20,69.20
OFSS,33.51,33.51
UNIONBANK,6.15,6.15
NUCLEUS,19.10,19.10
CANBK,5.79,5.79
GENESYS,47.40,47.40
OMAXAUTO,8.85,54.91
GODREJIND,28.31,28.31
RADAAN,71.57,71.57
DIVISLAB,79.80,79.80
RADICO,104.31,104.31
INDORAMA,906.44,906.44
MARUTI,28.16,28.16
VARDHACRLC,31.72,31.72
UCOBANK,15.46,15.46
BAGFILMS,14.85,14.85
JSL,22.20,22.15
NSIL,78.70,78.70
WELSPUNLIV,20.84,20.84
JAIBALAJI,19.16,19.16
IGL,21.66,21.66
TVTODAY,13.91,13.91
UNIENTER,3884.08,3884.08
UPL,37.80,28.29
MUKANDLTD,27.18,27.18
PETRONET,11.45,11.45
PTC,6.13,8.51
VAIBHAVGBL,26.14,26.14
BIOCON,32.87,34.57
MAHABANK,7.56,7.56
XPROINDIA,73.21,73.21
RKFORGE,25.25,25.23
DATAMATICS,17.87,20.52
CCL,36.43,36.43
EXCELINDUS,18.24,18.24
LT,43.09,43.09
APARINDS,39.53,39.53
AMBICAAGAR,10.06,10.06
CENTEXT,16.51,16.51
NIITLTD,36.06,35.91
ULTRACEMCO,53.36,53.52
TCS,25.54,25.54
COFORGE,67.26,67.26
GULFPETRO,8.98,8.98
GUFICBIO,50.55,50.55
INDSWFTLTD,0.32,5.81
ASTRAMICRO,69.79,69.79
WELENT,18.43,18.45
NTPC,14.76,14.76
KOTARISUG,30.30,48.26
JBMA,60.27,60.27
DWARKESH,38.88,38.88
SUPRAJIT,64.18,64.18
PATELENG,14.73,9.07
XCHANGING,22.01,22.01
JSWSTEEL,65.89,61.08
CONSOFINVT,6.08,6.08
JPPOWER,15.20,15.20
EVEREADY,28.30,28.30
GOKEX,40.77,40.77
SAKSOFT,24.80,24.80
ALLDIGI,16.85,20.11
IIFL,35.41,12.03
MANGALAM,18.80,18.80
SHOPERSTOP,505.81,429.53
WELCORP,19.06,27.40
SSWL,21.89,21.89
SURYALAXMI,37.63,41.85
JKPAPER,15.06,15.06
PRIMESECU,23.69,25.63
GRANULES,23.89,24.94
JSWHL,134.54,134.54
VHL,368.25,368.25
GEOJITFSL,14.38,14.38
GENUSPOWER,37.71,37.71
YESBANK,25.93,25.93
NECLIFE,29.52,29.52
SPLIL,12.24,12.24
GOLDIAM,31.36,31.36
RML,276.59,95.21
HTMEDIA,34.08,24.18
SASKEN,43.14,43.14
FCSSOFT,119.70,119.68
IMPAL,16.94,16.50
SUZLON,42.52,42.52
AURIONPRO,39.07,39.07
TRIVENI,36.11,36.11
AIAENG,29.36,29.36
NAHARINDUS,32.79,30.22
ORIENTCER,43.30,43.30
EKC,15.88,15.18
VIMTALABS,31.95,31.95
KERNEX,41.71,41.71
NITINSPIN,12.33,12.33
ROHLTD,24.53,24.53
ENIL,59.40,59.40
GSPL,10.63,10.63
JAGRAN,16.82,16.82
GVKPIL,1.10,13.99
SAKUMA,32.29,32.29
KEC,43.27,43.27
JKCEMENT,53.44,60.01
INDOTECH,33.31,33.31
M&MFIN,16.86,16.86
BLKASHYAP,53.92,116.57
CENTURYPLY,88.02,85.15
KEI,52.22,52.22
SOLARINDS,119.96,119.96
GALLANTT,32.89,32.89
UTTAMSUGAR,13.56,13.56
KKCL,20.61,20.61
SUNTV,13.69,13.36
GPIL,15.49,15.50
RSYSTEMS,40.34,40.34
LOKESHMACH,654.66,654.66
BALPHARMA,21.99,21.99
KAMDHENU,14.49,14.49
RATNAMANI,36.37,36.37
PIONEEREMB,29.93,29.64
JKLAKSHMI,32.48,32.48
ALLCARGO,93.10,23.35
MUNJALAU,19.17,15.59
EMAMILTD,30.66,30.66
TECHM,39.28,39.32
GRINDWELL,51.12,51.12
VOLTAMP,39.11,39.11
ATLANTAA,9.44,9.44
SELAN,14.22,14.22
ACE,35.40,35.40
ANANTRAJ,46.11,46.11
HOVS,16.65,16.65
BINANIIND,5.37,
TALBROAUTO,23.53,23.53
ALICON,31.44,31.44
GEECEE,17.31,17.31
JMFINANCIL,19.16,19.16
FIEMIND,24.07,24.40
DCBBANK,7.32,7.32
INSPIRISYS,15.17,15.17
NAUKRI,68.26,75.39
GESHIP,6.00,6.00
TORNTPOWER,24.08,24.08
MANALIPETC,41.11,37.71
LTFOODS,26.73,26.73
DONEAR,17.69,17.69
RUCHIRA,6.19,6.19
SOBHA,172.23,172.23
VENUSREM,12.82,15.15
JINDRILL,13.21,13.21
HIRECT,59.77,59.77
NFL,64.95,64.95
PLASTIBLEN,16.10,16.10
PARACABLES,20.31,20.31
HBLENGINE,61.31,61.13
TANLA,17.34,17.34
AVTNPL,20.75,20.75
VEEDOL,20.52,19.81
LUMAXTECH,33.10,33.10
SARLAPOLY,15.03,15.03
PTL,15.62,15.62
WANBURY,29.83,29.83
AUTOIND,30.75,23.40
GANDHITUBE,14.69,14.69
PITTIENG,29.35,29.35
UNOMINDA,73.31,73.84
IZMO,10.96,10.51
HUBTOWN,54.27,54.27
TIIL,26.64,26.64
ORIENTBELL,184.83,184.83
PGIL,29.61,30.08
REDINGTON,13.18,18.38
TTL,82.11,
FSL,45.59,46.13
PFC,4.47,4.47
SMSPHARMA,31.45,31.45
INDIANB,7.60,7.60
ORIENTALTL,11.46,
PAGEIND,73.86,73.86
LAOPALA,29.53,29.53
AMDIND,95.11,95.11
JKTYRE,18.94,18.10
ASTRAL,77.93,77.93
EMBDL,121.13,102.32
NAHARSPING,79.52,79.52
NAHARPOLY,24.79,24.79
THEMISMED,50.99,50.99
NCLIND,40.69,32.75
BALAMINES,34.17,34.17
BANSWRAS,24.49,24.49
ICRA,37.96,37.96
PHOENIXLTD,44.48,44.87
NDLVENTURE,370.39,370.39
ZENITHSTL,258.56,258.56
BFUTILITIE,11.48,11.48
FORTIS,73.79,67.58
SRHHYPOLTD,12.46,12.11
WEBELSOLAR,36.12,36.12
TGBHOTELS,18.73,18.73
HILTON,25.83,25.83
INSECTICID,20.23,20.26
KMSUGAR,7.45,7.45
NAVINFLUOR,80.80,80.80
TIMETECHNO,26.11,26.11
NAGREEKEXP,28.43,28.43
NELCAST,32.29,35.15
V2RETAIL,89.06,89.06
DLF,78.48,103.99
TARMAT,69.64,69.64
MEGASOFT,82.64,82.64
ADSL,32.33,32.33
ALPA,10.74,10.74
CENTRALBK,9.22,9.22
ASIANTILES,46.60,46.60
KPRMILL,47.29,47.29
CIEINDIA,20.91,20.91
MOTILALOFS,20.74,20.74
INDOWIND,206.36,206.36
NAGREEKCAP,1.78,1.78
MAGNUM,18.62,17.37
KSCL,21.62,21.62
CENTUM,,222.62
POWERGRID,17.28,17.28
CCCL,10.02,
MANGCHEFER,22.74,22.74
MAANALU,44.17,44.17
DELTACORP,9.09,27.61
BAJAJELEC,59.26,67.72
CERA,35.14,34.97
RELIGARE,40.37,40.37
BVCL,16.40,16.40
ADANIPORTS,27.56,27.04
EDELWEISS,19.61,19.61
RGL,18.13,18.13
KOLTEPATIL,33.60,33.60
COLPAL,45.81,45.81
JYOTHYLAB,33.42,33.08
KALYANIFRG,45.00,45.00
HITECHCORP,37.17,35.15
ECLERX,30.90,30.90
TARIL,67.65,68.39
BRIGADE,41.60,41.60
MANAKSIA,8.29,7.70
PATINTLOG,14.17,14.17
PPAP,58.60,58.60
ARIES,12.59,12.59
AMBIKCO,13.63,13.63
CEATLTD,32.81,31.12
BIRLAMONEY,14.57,14.57
RPOWER,9.37,
JKIL,14.28,14.28
CORDSCABLE,17.97,17.97
KNRCON,6.36,6.20
HERCULES,52.47,52.47
SEPC,107.13,68.71
IRB,4.54,35.56
NMDC,9.26,9.26
NAHARCAP,20.52,20.52
RECLTD,6.61,6.61
VGUARD,53.08,53.08
NESCO,20.49,20.49
DPSCLTD,182.97,182.97
TITAGARH,41.64,41.64
BAJAJFINSV,18.33,18.33
BAJAJ-AUTO,28.43,28.43
DIGISPICE,,46.73
GOKUL,30.16,30.16
RPGLIFE,22.04,42.35
ALMONDZ,45.24,45.24
LOTUSEYE,201.24,203.08
VINYLINDIA,25.31,25.31
UBL,115.79,112.29
ZFCVINDIA,54.69,54.69
20MICRONS,13.08,12.90
JOCIL,138.83,138.83
COUNCODOS,89.35,89.35
MAWANASUG,3.69,7.55
AJMERA,29.01,29.01
MHRIL,54.40,54.40
VINATIORGA,50.48,50.48
EXCEL,179.60,179.60
ADANIPOWER,16.85,16.85
NHPC,24.92,24.92
GLOBUSSPR,119.24,119.24
OIL,10.11,10.11
EXPLEOSOL,19.52,19.52
RTNPOWER,34.10,34.10
AMRUTANJAN,41.64,41.64
SUNTECK,44.11,44.11
ZYDUSWELL,37.32,37.96
DEN,9.31,9.31
SHILPAMED,105.33,99.03
SARDAEN,22.70,22.69
REFEX,38.29,38.34
GILLANDERS,11.31,18.51
AHLUCONT,31.53,31.54
DLINKINDIA,18.42,18.42
JSWENERGY,45.27,45.27
GODREJPROP,49.16,48.20
DBCORP,13.34,13.34
HINDCOPPER,53.63,53.63
BEARDSELL,12.03,12.03
MMTC,153.84,142.65
NESTLEIND,71.74,74.88
TRF,16.46,16.46
WHIRLPOOL,48.36,49.11
UNITEDTEA,15.77,15.77
MBLINFRA,3.20,
JUBLFOOD,198.82,197.12
VASCONEQ,9.30,17.95
THANGAMAYL,49.41,49.41
EMMBI,32.81,32.81
HATHWAY,37.34,36.61
TEXMOPIPES,10.38,10.38
MANINFRA,20.21,20.21
LGBBROSLTD,13.25,14.07
PERSISTENT,68.23,68.23
ASIANHOTNR,3.72,
ISFT,14.65,14.65
KIRLOSBROS,42.55,41.95
KSL,15.08,15.08
SJVN,48.76,48.76
KIRLOSIND,13.24,13.66
MANAPPURAM,19.19,19.19
UMESLTD,82.15,82.15
TI,29.90,29.90
HMVL,8.36,8.36
IMFA,11.11,11.11
BLISSGVS,17.42,17.42
AHLEAST,14.58,14.58
IITL,89.90,89.90
BAJAJCON,22.68,22.75
PRAKASHSTL,84.82,84.82
GPPL,20.60,20.60
ADFFOODS,44.66,44.66
WELINV,104.83,104.83
WAAREEINDO,16.00,16.00
KILITCH,28.11,28.11
DEEPAKNTR,38.04,38.04
SASTASUNDR,,14.28
CPCAP,5.38,5.38
GREENPOWER,47.44,52.08
RAMKY,17.71,17.71
CANTABIL,29.16,29.16
WABAG,32.10,31.83
ASHOKA,3.41,3.41
BEDMUTHA,19.74,19.74
JWL,41.36,41.36
OBEROIRLTY,32.61,32.61
PRESTIGE,114.13,114.13
SHAH,7.56,31.65
CGCL,35.03,35.03
RESPONIND,28.23,28.23
COALINDIA,6.93,6.93
IOLCP,28.21,28.21
GRAVITA,41.62,41.62
JINDWORLD,73.96,73.96
PENIND,26.35,26.35
RPPINFRA,10.19,10.19
JAMNAAUTO,20.87,20.87
SUMEETINDS,0.21,3.57
MOIL,19.88,19.88
A2ZINFRA,118.73,111.03
KIRLOSENG,26.10,27.76
RKDL,535.05,535.05
PSB,21.22,21.22
SURANASOL,3261.20,3261.20
SHEKHAWATI,13.22,13.22
KICL,31.71,46.43
SUMMITSEC,33.37,29.22
STEL,48.57,48.57
HINDMOTORS,38.90,38.90
TEXRAIL,34.29,34.29
HFCL,72.72,72.72
LOVABLE,123.29,101.75
PFS,12.61,12.61
MUTHOOTFIN,19.31,19.31
VADILALIND,29.39,29.39
SYMPHONY,34.90,27.61
PIIND,38.19,38.19
RELAXO,61.32,61.32
OMINFRAL,34.81,34.81
VSTTILLERS,34.60,34.35
ESTER,88.76,88.14
DELPHIFX,217.70,13.42
KARMAENG,53.47,60.63
ASHIANA,192.81,152.16
DHANUKA,25.74,25.74
MAITHANALL,5.67,5.67
RUSHIL,17.24,17.93
INVENTURE,67.02,70.11
LTF,19.04,19.04
BODALCHEM,50.54,47.34
ASAHISONG,30.87,30.87
FILATEX,18.70,18.70
BROOKS,145.47,145.47
TDPOWERSYS,46.54,46.54
APLLTD,32.87,33.45
VASWANI,16.73,12.68
PGEL,74.28,74.28
PANAMAPET,11.71,11.71
PAISALO,13.99,14.04
SHAKTIPUMP,28.23,28.23
TRITURBINE,54.26,54.26
INDOTHAI,277.54,277.54
ESSARSHPNG,0.96,7.69
DSSL,19.06,19.06
JISLDVREQS,2.41,2.41
POLYMED,66.65,66.65
RUPA,20.64,20.64
VIKASECO,25.93,25.93
APLAPOLLO,65.83,65.83
KANANIIND,54.62,54.62
MINDACORP,51.14,51.14
THOMASCOTT,37.06,37.06
DBSTOCKBRO,19.53,19.53
IRFC,28.05,28.05
COMPUSOFT,117.62,117.62
RHIM,49.21,49.21
SCHNEIDER,71.14,74.90
NDL,16.19,16.19
NBCC,60.49,53.61
TBZ,18.15,18.15
VSSL,23.46,23.46
SWANENERGY,15.95,15.89
SPECIALITY,28.04,28.04
CINELINE,,34.37
SAMPANN,28.76,
RTNINDIA,102.01,102.01
THEJO,38.25,38.25
KITEX,40.77,40.77
MAYURUNIQ,16.37,16.37
ROSSELLIND,17.77,17.61
DUCON,14.27,14.27
TVSHLTD,9.00,9.00
ZUARI,11.13,11.13
VETO,11.06,11.06
CARERATING,38.13,38.13
PCJEWELLER,14.09,14.09
INDUSTOWER,11.04,11.04
VMART,152.38,447.38
REPCOHOME,6.38,6.38
NIBL,3.65,
JUSTDIAL,13.38,13.38
ATULAUTO,69.02,69.02
ORIENTCEM,51.23,51.23
ESSENTIA,60.79,60.79
PILITA,69.88,69.88
MITCON,14.84,14.84
ORBTEXP,12.57,12.57
JPOLYINVST,17.40,17.40
SREEL,25.37,25.37
NATHBIOGEN,10.38,10.48
CASTROLIND,22.54,22.54
SDBL,31.75,31.75
IREDA,28.38,28.38
BUTTERFLY,56.59,56.59
WONDERLA,37.21,37.21
AGARIND,12.61,12.61
HATSUN,76.17,76.17
CAPLIPOINT,29.61,29.61
GOCLCORP,12.32,11.77
GULFOILLUB,16.80,16.80
SNOWMAN,569.84,569.84
SHARDACROP,24.07,24.07
SUPERHOUSE,19.70,49.14
CIGNITITEC,24.03,23.70
PDSL,23.34,23.34
INTELLECT,45.91,45.93
MONTECARLO,15.58,15.58
GOODLUCK,22.10,22.10
FCL,29.14,29.14
CAMLINFINE,,172.24
GULPOLY,45.81,45.81
APOLSINHOT,42.66,42.66
CCHHL,64.24,64.24
LAMBODHARA,20.65,20.65
GRPLTD,46.81,46.81
GENUSPAPER,170.52,170.52
MOLDTKPAC,38.37,38.37
GREENLAM,87.53,87.53
VISHNU,29.73,29.73
GANECOS,36.30,36.30
LINC,22.83,22.83
MENONBE,27.79,27.79
HESTERBIO,63.69,63.69
JMA,8.09,8.09
MANAKALUCO,27.40,27.40
MANAKSTEEL,42.74,40.75
MANAKCOAT,81.91,86.75
ZENTEC,57.15,57.15
IMAGICAA,49.69,48.65
INOXWIND,51.96,50.42
LFIC,18.20,18.20
BYKE,97.16,97.16
AVANTIFEED,18.14,18.14
VRLLOG,27.09,27.09
PRIVISCL,48.64,48.64
UFO,36.33,38.19
TPLPLASTEH,26.83,26.83
NILAINFRA,20.66,20.66
PNCINFRA,9.53,9.53
SKIPPER,38.70,38.70
ALANKIT,18.11,15.87
ORICONENT,231.09,
BALKRISHNA,43.58,
ADANIENSOL,114.17,40.16
SYNGENE,52.90,55.81
AYMSYNTEX,125.99,125.99
EMKAYTOOLS,5.39,5.39
RAMASTEEL,85.62,85.62
PKTEA,1024.64,1024.64
MUTHOOTCAP,11.71,11.71
SATIN,9.41,9.41
ARVSMART,25.73,25.73
POWERMECH,28.18,28.14
SHARDAMOTR,17.05,17.05
SHREEPUSHK,17.24,17.24
GUJGASLTD,27.50,27.50
SADBHIN,,5.26
IDFCFIRSTB,35.48,35.48
INDIGO,30.03,30.03
SHK,45.97,20.38
BALAXI,11.00,11.00
LUXIND,26.53,26.53
TTKHLTCARE,22.21,25.61
UMANGDAIRY,326.02,326.02
SALZERELEC,23.95,23.95
PILANIINVS,38.12,38.12
KRIDHANINF,0.67,252.74
LINCOLN,13.83,13.83
LALPATHLAB,47.10,47.10
ALKEM,26.19,26.19
NH,53.28,52.82
OCCL,38.43,38.43
PRECAM,36.40,78.04
TEAMLEASE,30.83,30.83
QUICKHEAL,382.41,382.41
HITECH,28.53,28.53
VIDHIING,48.35,48.35
BHAGERIA,21.47,21.47
NECCLTD,22.57,22.57
KELLTONTEC,21.16,21.16
SEQUENT,150.52,150.52
GOKULAGRO,18.28,18.28
SIMBHALS,3.56,3.56
KDDL,23.03,22.99
PDMJEPAPER,11.49,11.49
HCG,156.78,156.78
HECPROJECT,21.64,21.64
WEALTH,41.00,39.68
BHARATWIRE,20.78,20.78
INFIBEAM,32.16,32.75
THYROCARE,46.51,46.51
CROMPTON,40.50,40.50
SAGARDEEP,28.74,28.74
PARAGMILK,22.90,22.90
SHRIPISTON,20.69,20.69
UNITEDPOLY,25.24,25.24
ARMANFIN,35.46,35.46
ALBERTDAVD,28.13,28.13
BLS,28.17,28.17
ASPINWALL,16.01,16.01
SALONA,42.55,42.55
PREMEXPLN,108.84,108.84
CONTROLPR,12.60,12.60
INCREDIBLE,15.72,15.72
DAMODARIND,20.57,20.57
MGL,13.72,13.71
MOLDTECH,38.91,38.91
POKARNA,17.82,17.82
COMPINFO,0.46,0.46
VIJIFIN,138.71,138.71
GPTINFRA,21.78,21.78
QUESS,22.85,12.39
GROBTEA,13.29,13.29
KKVAPOW,20.33,20.33
SOMICONVEY,34.69,34.69
LLOYDSENGG,80.81,80.81
LTIM,35.01,35.01
GATECH,26.20,26.20
MINDTECK,25.86,24.56
ADVENZYMES,27.34,27.34
DBL,8.68,11.97
SPAL,22.21,22.21
NDGL,56.81,54.09
RBLBANK,20.02,20.02
BIGBLOC,289.61,289.61
MBAPL,63.85,63.85
CUPID,37.46,37.46
LTTS,36.57,36.57
GNA,13.01,13.01
CROWN,11.14,30.93
ICICIPRULI,77.42,77.42
MARATHON,20.17,20.17
HPL,37.51,37.51
JAIPURKURT,20.14,20.14
MASKINVEST,1406.34,1406.34
SAKAR,45.56,45.42
AURDIS,17.00,17.00
ARTNIRMAN,73.73,73.73
ENDURANCE,46.35,46.94
GICL,61.56,61.57
NIRAJISPAT,17.72,17.72
MAZDA,19.90,19.90
PNBHOUSING,14.55,14.55
VBL,59.06,59.06
KINGFA,34.54,34.54
AGROPHOS,13.97,13.97
PODDARMENT,15.17,15.17
NBIFIN,76.13,76.13
JETFREIGHT,17.45,17.45
SFL,86.37,118.95
HEADSUP,15.43,15.43
TCIEXP,33.46,33.46
LAURUSLABS,101.94,101.94
ITDC,62.53,62.53
HISARMETAL,33.03,33.03
LIBAS,13.85,13.85
PROLIFE,13.30,13.30
SPCENET,32.90,32.90
CAPTRUST,157.19,157.19
MAHESHWARI,9.26,9.26
BHANDARI,17.00,17.00
BSE,91.54,91.54
MCL,31.82,31.82
PRICOLLTD,32.47,32.47
STEELCITY,10.09,10.09
KRISHANA,36.05,36.05
GLOBAL,12.49,12.49
NITIRAJ,43.52,43.52
SANGINITA,42.88,42.88
AKASH,52.55,52.55
DMART,102.78,102.78
TASTYBITE,109.05,109.05
INTENTECH,13.14,13.14
AIRAN,20.16,20.16
AKSHARCHEM,42.69,42.69
ARIHANTSUP,28.59,28.59
URJA,399.47,399.47
LAXMICOT,104.32,
EIFFL,95.92,95.92
NRAIL,32.29,32.29
SHANKARA,31.79,31.79
CREATIVE,19.81,19.81
WIPL,49.81,49.81
FOCUS,51.55,51.55
DEVIT,16.37,16.37
SIKKO,40.62,40.62
MKPL,34.55,34.55
DOLLAR,23.10,23.32
INFOBEAN,24.79,24.25
SCHAND,13.81,13.81
BHAGYANGR,18.79,18.79
PSPPROJECT,51.45,51.45
STARCEMENT,52.16,52.16
GLOBE,11.33,12.48
TEJASNET,27.59,27.59
ERIS,59.13,59.13
CDSL,69.61,69.61
GTPL,27.09,27.16
AUBANK,28.55,28.55
DYNPRO,23.68,23.68
STEELXIND,39.39,39.39
SALASAR,51.07,60.48
UNIVASTU,18.56,18.56
AVADHSUGAR,11.62,11.62
MAGADSUGAR,8.60,8.60
GANGESSECU,29.77,29.77
THEINVEST,21.85,21.85
TOTAL,15.55,15.55
OPTIEMUS,94.87,94.87
WEWIN,29.86,29.86
COCHINSHIP,67.86,67.86
SMSLIFE,19.41,19.41
VAISHALI,158.83,158.83
GEEKAYWIRE,10.12,10.12
SERVOTECH,103.24,103.24
ABCAPITAL,23.79,23.79
APEX,190.53,190.53
PASHUPATI,80.95,80.95
BRNL,1.25,1.25
DIXON,70.50,105.12
DCAL,1203.94,162.64
LASA,,51.11
MATRIMONY,25.28,25.28
CHOLAHLDNG,8.05,8.05
CAPACITE,14.78,14.78
ICICIGI,80.93,80.93
WORTH,13.32,13.32
MPTODAY,5.58,5.75
SBILIFE,76.54,76.54
RMDRIP,58.04,58.04
DPWIRES,16.28,16.28
AARVI,16.22,16.22
TIRUPATI,33.31,33.31
AIROLAM,59.80,59.80
RKEC,9.42,9.42
GATECHDVR,4.23,4.23
GOLDSTAR,104.52,104.52
JASH,39.90,39.84
RELIABLE,7.15,7.15
BETA,42.36,38.24
TIRUPATIFL,70.24,70.24
OMFURN,19.32,19.32
GODREJAGRO,42.08,42.08
TCPLPACK,23.87,23.87
MASFIN,17.86,17.86
IEX,40.66,40.66
DPABHUSHAN,29.88,29.88
GICRE,9.48,9.48
TIINDIA,52.56,52.27
NAM-INDIA,39.15,39.15
NIACL,31.44,31.44
IFGLEXPOR,42.37,42.37
KHADIM,50.36,50.36
5PAISA,18.99,18.99
HDFCLIFE,93.36,93.36
AISL,10.93,10.93
PULZ,,715.58
SILVERTUC,41.14,41.14
ZODIAC,35.84,35.84
FELIX,26.57,26.57
ICEMAKE,54.19,54.19
DNAMEDIA,5.25,5.25
SHRADHA,17.51,17.51
INNOVANA,99.81,99.81
SHALBY,1031.21,1031.21
TOUCHWOOD,24.32,24.32
ONEPOINT,41.27,41.27
SMVD,1.41,
SHIVATEX,21.52,21.52
AJOONI,31.04,31.04
MOKSH,14.71,14.71
BCONCEPTS,59.76,59.76
SILLYMONKS,81.20,81.20
APOLLO,107.34,107.34
NEWGEN,51.74,51.74
AMBER,82.40,82.40
GALAXYSURF,30.73,30.73
SINTERCOM,530.07,530.07
MHHL,17.94,17.94
SOUTHWEST,29.34,29.34
ARVEE,83.16,83.16
ASTERDM,86.21,77.79
GMMPFAUDLR,100.29,51.24
HGINFRA,13.45,13.74
HINDCON,46.73,46.73
SARVESHWAR,26.13,26.13
TARACHAND,19.87,19.87
BDL,134.52,134.52
MDL,44.89,43.93
SUNDARMHLD,146.63,146.63
BANDHANBNK,10.68,10.68
HAL,38.51,38.53
URAVIDEF,301.31,301.31
MITTAL,28.54,28.54
SANDHAR,23.46,24.98
GIRIRAJ,33.84,33.84
KAPSTON,27.25,27.25
MIDHANI,74.11,74.11
LEMONTREE,45.17,45.17
AVG,20.23,20.23
MMP,20.82,20.82
NARMADA,17.25,17.25
PIGL,21.37,21.37
CHEMFAB,,253.68
BSHSL,58.67,58.67
MAHICKRA,39.67,39.67
AAKASH,66.73,66.73
GODHA,11.53,11.53
SOFTTECH,383.05,383.05
ORIENTELEC,56.41,56.41
E2E,105.49,105.49
INDOSTAR,71.19,71.19
SIRCA,42.79,42.79
SVLL,393.16,393.16
LATTEYS,68.77,68.76
SONAMLTD,29.64,29.64
ADANIGREEN,99.81,84.59
OSWALSEEDS,36.44,36.44
PRITI,26.25,26.25
ACCURACY,28.48,28.48
SOLARA,4254.15,4254.15
FINEORG,37.21,37.21
RITES,32.53,32.60
VARROC,132.69,40.21
GANGAFORGE,92.66,54.20
REPL,24.18,24.18
AVROIND,73.54,70.92
HDFCAMC,44.28,44.28
TEMBO,12.93,13.03
CREDITACC,36.16,36.16
AARON,47.59,47.59
SIGIND,11.92,11.92
SUMIT,38.72,38.72
LAGNAM,14.54,14.54
RPPL,13.74,13.74
AKG,58.11,58.11
IRCON,28.62,28.62
AHLADA,24.72,24.72
SPECTRUM,178.62,178.62
AAVAS,25.94,25.94
GRSE,65.23,65.23
KRITIKA,26.56,26.56
PARIN,55.40,55.26
VINNY,12.52,12.52
MARINE,79.94,79.94
IRISDOREME,45.52,45.52
ATGL,109.08,109.08
TECHNOE,46.26,46.26
SHUBHLAXMI,16.45,16.45
UNIPARTS,19.83,19.83
SHRIRAMPPS,32.81,32.81
TREJHARA,104.20,104.20
NILASPACES,32.45,32.45
AWHCL,18.52,23.37
DALBHARAT,56.19,49.08
RPSGVENT,29.94,8.59
SURANI,361.81,53.80
CHALET,140.87,140.87
MSTCLTD,8.39,15.02
OSIAHYPER,12.98,12.98
ANUP,45.16,45.16
ARVINDFASN,193.18,193.18
PAR,8.92,8.92
KHFM,51.47,51.47
RVNL,70.21,70.21
POLYCAB,47.39,47.39
METROPOLIS,60.81,60.81
KPITTECH,42.44,42.44
SWSOLAR,86.55,86.55
NEOGEN,127.17,208.71
EMAMIPAP,22.26,22.26
VCL,17.88,17.88
CONFIPET,21.37,21.56
PPL,11.49,11.49
DGCONTENT,10.69,10.69
INDIAMART,26.63,26.63
ATMASTCO,24.22,24.22
ABINFRA,146.27,142.34
OAL,38.79,38.79
DCMNVL,55.39,136.63
SATIA,7.48,7.48
WEL,113.83,113.83
AFFLE,71.33,71.33
CHEMCON,29.63,29.63
WESTLIFE,959.50,959.50
DOLATALGO,8.15,8.15
HNDFDS,56.31,56.31
UJJIVANSFB,13.16,13.16
MAZDOCK,56.55,56.55
IRCTC,46.70,47.85
SAFARI,73.58,73.58
DCI,27.58,27.58
360ONE,46.20,43.50
IIFLCAPS,15.14,15.14
HPIL,90.42,90.42
SAMHI,56.66,46.17
FLUOROCHEM,69.80,69.80
GREENPANEL,45.30,45.30
KUANTUM,8.85,8.85
APOLLOPIPE,55.53,55.53
CHEMBOND,8.35,8.62
MGEL,21.41,19.46
ROUTE,18.62,17.91
SBICARD,48.15,48.15
HOMEFIRST,37.26,37.26
SIGMA,20.00,20.00
CSBBANK,11.59,11.59
ASCOM,19.72,19.69
EQUITASBNK,52.55,52.55
EASEMYTRIP,34.77,34.77
ROSSARI,27.56,27.56
PRINCEPIPE,87.89,87.89
LIKHITHA,16.65,16.65
PARKHOTELS,42.26,42.26
ARTEMISMED,41.79,41.79
PATANJALI,45.51,45.51
SUMICHEM,50.42,50.42
LGHL,150.86,153.04
ATALREAL,61.08,61.08
ASALCBR,23.77,23.77
MAHEPC,56.58,56.58
UNIVPHOTO,8.25,8.25
BAFNAPH,44.29,29.20
COHANCE,141.16,141.16
POWERINDIA,227.93,227.93
STOVEKRAFT,49.98,49.98
BHARTIHEXA,62.57,72.09
KSOLVES,23.72,23.72
RAJRATAN,35.55,35.55
HAPPSTMNDS,53.64,51.56
AARTISURF,32.29,47.46
GLAND,41.99,41.99
BOROLTD,55.76,55.76
NDRAUTO,52.84,52.84
MAXHEALTH,111.95,106.80
PAVNAIND,71.71,71.71
AAATECH,30.97,30.97
KALYANKJIL,78.07,78.07
BTML,30.85,30.85
SHAREINDIA,12.18,12.18
UNIDT,30.80,30.80
SIGACHI,30.45,30.45
ANGELONE,22.09,22.09
ADL,897.82,
NIRAJ,19.66,19.43
CAMS,44.94,44.94
SURYODAY,13.05,13.05
ROML,31.41,31.41
UTIAMC,20.13,20.13
RAILTEL,45.32,42.89
BECTORFOOD,58.06,58.06
KHAICHEM,581.10,581.10
ORCHPHARMA,37.26,37.26
NURECA,333.34,333.34
INDIGOPNTS,39.37,39.37
HERANBA,537.50,537.50
LXCHEM,46.53,46.53
MTARTECH,93.85,93.85
FAIRCHEMOR,55.89,55.89
ANURAS,77.91,77.91
KANPRPLA,41.26,38.60
ISGEC,31.18,31.18
RUBFILA,14.22,14.22
STYLAMIND,22.64,22.64
PAKKA,19.83,19.83
CLSEL,16.81,16.81
PARTYCRUS,42.77,42.77
CARYSIL,38.73,38.73
MANCREDIT,149.26,137.71
SHAILY,82.91,82.91
MODISONLTD,21.18,20.63
FIBERWEB,9.44,9.44
BCLIND,12.51,12.51
BHAGCHEM,275.81,275.81
SBCL,38.01,38.01
AADHARHFC,20.92,20.92
SMCGLOBAL,10.96,10.96
QMSMEDI,11.42,11.42
NPST,613.13,613.13
ARIHANTCAP,16.53,17.17
SIDDHIKA,14.62,14.62
NAZARA,150.27,150.27
IPL,30.80,30.80
GENCON,19.25,19.25
LODHA,52.51,52.51
HLEGLAS,50.05,50.05
BESTAGRO,8.22,8.22
VMARCIND,20.32,20.32
SONACOMS,49.85,48.67
UTKARSHBNK,111.33,111.33
DRCSYSTEMS,17.36,17.36
PARAS,104.42,104.42
CRAFTSMAN,65.23,60.59
DODLA,32.51,32.51
JUBLINGREA,46.95,46.93
ROLEXRINGS,23.82,22.37
WALPAR,16.42,16.42
SHYAMMETL,25.92,25.92
KIMS,62.97,64.19
JSFB,10.69,10.69
TATVA,385.09,385.09
CLEAN,60.39,60.39
AILIMITED,38.83,38.83
ALIVUS,25.53,25.53
ABSLAMC,24.14,24.14
DEEPINDS,,16.03
ETERNAL,474.02,474.02
BEWLTD,18.22,18.22
PIXTRANS,19.27,19.27
MEDIASSIST,38.09,38.09
WINDLAS,31.17,31.17
CARTRADE,53.38,53.38
KRSNAA,29.35,29.35
EQUIPPP,345.48,345.48
APTUS,21.47,21.47
SUPRIYA,28.73,28.73
ANMOL,14.31,14.31
BMETRICS,13.31,13.31
ABCOTS,155.08,155.08
VIJAYA,68.99,68.59
ACUTAAS,55.44,55.44
SANSERA,39.08,39.08
BAJAJHCARE,39.07,39.07
PRITIKAUTO,12.71,12.71
NIVABUPA,73.43,73.43
AAREYDRUGS,43.83,43.83
GRINFRA,12.27,12.25
INTLCONV,6.46,6.46
DUGLOBAL,103.33,103.33
STEELCAS,30.80,30.80
HPAL,25.66,25.66
UGROCAP,14.91,14.91
STARHEALTH,39.14,39.14
KPIGREEN,30.25,30.06
YUKEN,62.61,62.61
SGIL,48.66,48.66
ANANDRATHI,57.12,57.12
SJS,33.83,33.83
FINOPB,26.92,26.92
POLICYBZR,239.43,265.59
NYKAA,791.88,791.88
AWL,28.99,28.99
MONARCH,15.92,15.92
SAPPHIRE,632.31,512.50
QUADPRO,33.58,33.58
PRUDENT,57.36,57.36
EPIGRAL,21.98,21.98
NUVOCO,570.16,570.16
GOCOLORS,51.15,51.15
IXIGO,99.17,106.21
CMSINFO,21.64,21.64
COASTCORP,57.12,57.12
TARSONS,69.08,69.08
MEDPLUS,70.44,70.44
TEGA,50.14,50.14
RATEGAIN,25.06,25.06
MANORG,38.88,38.88
LATENTVIEW,49.11,49.11
METROBRAND,88.01,88.01
MICEL,132.31,132.31
EMCURE,35.77,35.43
PASUPTAC,12.54,12.54
FOODSIN,21.72,21.72
PARADEEP,24.46,24.46
JAINAM,31.51,31.51
MAPMYINDIA,63.34,63.34
3IINFOLTD,8.01,8.01
TMB,5.92,5.92
DYNAMIC,9.91,9.92
DESTINY,53.81,53.81
MANYAVAR,50.02,50.02
GANESHBE,18.93,10.17
DMCC,30.52,30.52
MEDICAMEQ,86.37,86.37
EMIL,35.41,35.41
SHIVALIK,40.75,40.75
GODAVARIB,17.57,17.57
UMAEXPORTS,56.04,56.04
WAAREEENER,131.15,130.51
DATAPATTNS,70.43,70.43
JSLL,58.30,58.30
COOLCAPS,78.70,78.69
MEDANTA,62.91,58.52
AFSL,12.08,12.08
MALLCOM,14.12,14.12
NIDAN,14.41,14.41
IRIS,40.75,40.75
ASIANENE,37.43,37.43
SMLT,41.11,41.11
NRL,32.86,32.86
RADIANTCMS,14.42,14.42
GPTHEALTH,24.15,24.15
CHOICEIN,87.06,87.06
EUROBOND,23.26,23.26
HARIOMPIPE,19.97,19.97
GRWRHITECH,28.89,28.89
CAPITALSFB,10.00,10.00
DELHIVERY,186.79,180.80
DCMSRIND,14.53,14.53
RAJRILTD,109.60,109.60
EMUDHRA,73.12,73.12
DYCL,35.30,35.30
FIVESTAR,20.67,20.67
STARTECK,28.61,26.03
VIRINCHI,467.87,467.87
SBC,38.39,38.39
ELDEHSG,36.57,36.57
ANUHPHR,84.03,84.03
TIMESCAN,7.64,7.64
MADHAVBAUG,24.36,20.63
SEJALLTD,45.24,45.24
MHLXMIRU,13.82,13.82
RELCHEMQ,34.00,34.00
GATEWAY,8.85,11.99
SYRMA,52.05,51.54
ZIMLAB,44.41,44.41
UDAICEMENT,115.39,115.39
JTLIND,29.49,29.49
CAMPUS,71.74,71.74
RAINBOW,61.21,61.21
TBOTEK,61.46,64.65
VENUSPIPES,30.50,30.50
AETHER,96.71,56.95
ROTO,53.88,53.88
MEGASTAR,81.89,81.89
SANATHAN,87.94,87.94
INDOBORAX,15.74,15.74
LANDMARK,124.44,
RACE,58.91,58.91
ETHOSLTD,71.69,71.69
DREAMFOLKS,18.77,18.77
MSUMI,43.61,43.61
KNAGRI,7.41,7.41
LEMERITE,102.63,102.63
DHARMAJ,30.47,30.47
HARSHA,40.22,41.11
KRISHIVAL,171.85,171.85
OBCL,50.16,50.16
GMRP&UI,4.27,
KCK,382.78,382.78
LICI,12.46,12.46
INDOAMIN,21.09,21.09
KRISHNADEF,57.37,57.37
PROPEQUITY,16.57,16.57
SWARAJ,13.66,13.66
AMEYA,18.85,18.85
INOXGREEN,294.39,294.39
FEDFINA,19.37,19.37
ACI,48.36,41.01
BIKAJI,92.26,92.26
RITCO,18.24,18.24
SADHNANIQ,45.45,45.45
SURAJEST,17.49,17.49
VEEKAYEM,19.10,19.10
RILINFRA,19.04,19.04
CHEVIOT,11.13,11.13
MUKKA,19.37,19.37
HMAAGRO,19.07,19.07
MWL,22.55,24.69
MEDICO,41.10,41.10
CMRSL,15.89,15.89
KFINTECH,69.19,69.19
YATHARTH,38.81,38.81
DCXINDIA,82.52,82.52
YATRA,37.26,37.26
ARISTO,19.27,19.27
KAYNES,133.39,133.39
SABAR,9.79,9.79
JFLLIFE,14.63,14.63
SWASTIK,24.58,24.58
FIDEL,28.28,28.28
AXITA,398.24,1003.35
PLAZACABLE,91.68,91.68
SENCO,35.65,35.65
RADHIKAJWE,17.62,17.62
SPLPETRO,42.41,42.41
RAMRAT,43.12,43.12
VIVIANA,38.52,38.50
CSLFINANCE,10.68,10.68
KORE,22.33,22.33
GOYALALUM,78.13,78.13
RUSTOMJEE,36.15,36.15
KANDARP,50.40,49.56
SPORTKING,13.24,13.24
ALLETEC,25.92,25.92
AIIL,10.89,10.89
ABDL,62.08,62.08
MANORAMA,74.17,74.17
ISHAN,105.65,102.96
ARABIAN,10.07,9.31
INNOVACAP,38.66,38.66
GRMOVER,35.90,35.90
SYNCOMF,36.94,36.95
CEWATER,24.83,24.83
DJML,49.18,49.18
BAHETI,33.87,33.87
SULA,36.62,36.62
SIGNATURE,173.80,173.80
ANNAPURNA,27.73,30.32
KRITINUT,15.54,15.54
KALAMANDIR,24.98,24.98
VITAL,38.97,38.97
RAMAPHO,23.07,23.07
PPLPHARMA,1474.95,1474.95
AVALON,88.88,88.88
CONCORDBIO,50.91,50.91
GODIGIT,77.16,77.16
GRCL,84.35,84.35
BAIDFIN,10.28,10.28
PHANTOMFX,17.14,17.14
IPSL,37.04,37.04
KAMOPAINTS,50.73,50.73
DOLLEX,18.55,18.55
BLUEJET,50.05,50.05
MVGJL,12.52,12.52
UYFINCORP,300.01,300.01
SCPL,17.32,17.32
SUKHJITS,15.23,15.23
ARHAM,20.98,20.98
FROG,16.60,16.58
MANKIND,47.57,47.57
SKYGOLD,35.97,35.97
ARIHANTACA,38.01,38.01
AEROENTER,13.32,13.30
DIVGIITTS,73.61,73.61
EIEL,58.57,58.57
PRITIKA,46.93,46.93
ANLON,38.26,38.26
MOTISONS,46.38,46.38
VELS,2.35,2.35
CMNL,39.24,39.24
SRIVASAVI,15.35,15.35
DIACABS,178.14,177.70
IKIO,50.56,50.56
MANOMAY,15.81,15.81
FAZE3Q,35.15,35.15
UMA,19.69,19.69
LLOYDSME,54.93,54.93
AARTIPHARM,28.83,28.83
RHL,32.82,32.82
SAHYADRI,17.28,17.28
SAHANA,31.87,31.87
NINSYS,33.15,33.15
DUCOL,57.66,57.66
HOMESFY,64.32,64.32
SBFC,33.61,33.61
ASMS,243.83,1759.15
HYBRIDFIN,14.63,13.94
SHERA,15.98,15.98
INDGN,34.27,34.27
ZAGGLE,64.45,64.45
GANDHAR,20.34,20.34
MCON,34.81,34.81
HONASA,139.83,139.83
RISHABH,51.62,51.65
IRMENERGY,26.22,26.22
SAH,1328.33,1328.33
DENEERS,33.23,33.23
JGCHEM,23.90,23.90
CYIENTDLM,55.18,55.18
NIRMAN,6.33,6.33
AKI,40.95,42.90
MASTER,20.64,20.64
YCCL,15.48,15.48
RPTECH,9.51,9.60
LORDSCHLO,62.35,62.35
SYSTANGO,15.26,15.26
RATNAVEER,17.93,17.93
PATTECH,48.59,48.59
MOS,46.68,46.68
SECMARK,37.42,37.42
AUROIMPEX,11.91,11.91
SOTAC,14.94,14.94
ATAM,19.49,19.49
AFIL,9.59,9.59
SHRITECH,15.31,15.31
INFOLLION,37.85,37.85
LAL,36.49,36.49
URBAN,12.66,12.66
INFINIUM,57.62,57.62
AARTECH,84.53,84.53
POCL,37.33,37.33
KRISHCA,33.08,33.08
ESFL,258.56,258.56
AATMAJ,124.63,124.63
DOLPHIN,33.37,33.37
TATATECH,42.20,42.20
REMUS,28.15,28.15
NOVAAGRI,16.82,16.82
REDTAPE,42.00,42.00
ASHOKAMET,5.92,5.92
PENTAGON,17.81,17.81
CELLPOINT,15.20,
SEL,39.33,39.33
GREENCHEF,24.17,24.17
PROV,47.50,47.50
PTCIL,366.14,361.60
NETWEB,90.94,90.94
PYRAMID,24.80,24.80
AEROFLEX,49.55,49.55
EMSLIMITED,18.90,18.90
EFACTOR,15.05,15.05
GHCLTEXTIL,16.00,16.00
MONOPHARMA,14.59,14.59
VPRPL,34.86,34.86
UDS,16.31,16.31
DENTALKART,60.45,60.45
CLSL,15.38,15.38
SSFL,13.46,13.46
KIRLPNU,43.95,43.37
ATL,31.37,29.39
BALUFORGE,36.74,36.74
RRKABEL,49.09,49.24
COMMITTED,31.73,31.73
JSWINFRA,43.05,43.05
SANGANI,37.98,37.98
JLHL,48.38,48.38
NUVAMA,27.64,27.64
DRONE,260.22,260.22
GLOBALPET,33.24,33.24
YASHO,405.58,405.58
SERVICE,37.87,37.87
KEL,15.42,15.42
PRAMARA,33.12,33.12
NIITMTS,22.86,21.99
VINSYS,19.07,19.07
ZEAL,12.47,12.47
RACLGEAR,164.70,164.70
WCIL,80.13,80.13
ARVINDPORT,13.02,13.02
SAROJA,13.99,13.99
SINDHUTRAD,33.96,33.96
UNIHEALTH,17.21,17.21
ORIANA,94.63,94.63
ASKAUTOLTD,40.91,40.91
CHAVDA,14.97,14.97
TRANSTEEL,20.47,20.47
SANDUMA,16.18,16.18
VLEGOV,,370.23
PLADAINFO,8.24,8.24
LLOYDSENT,365.70,365.70
OLIL,32.97,32.97
SUNREST,38.37,38.37
RBZJEWEL,15.01,15.01
MASTERTR,69.23,69.23
KODYTECH,57.83,57.83
KARNIKA,45.35,45.35
AKANKSHA,57.43,56.83
SCML,11.31,11.31
SAAKSHI,62.44,62.44
MUFIN,61.32,61.32
HIGREEN,47.18,47.18
PLATIND,30.56,30.56
MUFTI,16.11,16.11
FLAIR,23.22,23.22
CELLECOR,28.42,28.42
SRGHFL,19.79,19.79
INDIFRA,2236.26,2236.26
JIOFIN,157.97,157.97
MCLOUD,189.70,189.70
CPS,1103.58,1103.58
MADHUSUDAN,14.27,17.94
NEWJAISA,21.96,21.96
GOYALSALT,21.15,21.15
TICL,7.27,4.06
WOMANCART,19.34,19.34
BLSE,31.41,31.41
HOLMARC,34.71,34.71
TREL,15.51,31.25
MARCO,34.52,34.52
DIAMINESQ,142.20,142.20
VISHNUINFR,13.71,13.71
KONTOR,11.78,11.78
RKSWAMY,51.98,51.98
EPACK,57.28,57.28
HAPPYFORGE,34.20,34.20
IBLFL,63.15,63.15
INDIASHLTR,25.03,25.03
CELLO,35.12,35.12
CANARYS,20.06,20.06
DIGIDRIVE,15.13,15.13
DOMS,71.14,71.14
MAITREYA,97.14,97.14
DIGIKORE,41.30,41.30
LANCORHOL,35.65,35.65
AMNPLST,33.49,33.49
SARTELE,36.00,36.00
VINYAS,79.63,79.63
JNKINDIA,65.31,65.31
AFFORDABLE,224.21,224.21
PARAGON,21.41,21.41
ARKADE,108.50,108.50
INOXINDIA,48.13,49.31
GRAPHISAD,10.77,10.44
JYOTICNC,81.35,79.59
STANLEY,67.25,67.25
BAJEL,174.67,174.67
DEEM,17.34,17.34
APS,28.38,28.38
ENTERO,45.77,45.77
TECHLABS,86.76,86.76
SIGNPOST,31.29,31.29
BABAFP,26.65,26.65
SHREEOSFM,16.07,16.07
PRESSTONIC,90.19,90.19
DEEDEV,49.83,49.83
MEGATHERM,31.61,31.61
SSDL,55.00,55.53
BRACEPORT,30.15,30.15
VR,55.52,55.08
KLL,12.14,12.14
ZENITHDRUG,20.83,20.83
SJLOGISTIC,13.74,13.74
PURVFLEXI,10.54,10.54
SRM,20.31,20.31
AZAD,119.07,119.07
PRATHAM,20.12,20.12
KONSTELEC,21.25,21.25
JUNIPER,89.64,89.64
KRYSTAL,13.30,13.30
VSTL,24.74,24.74
DURLAX,10.03,10.03
INM,31.33,31.33
MAXESTATES,309.35,309.35
CGRAPHICS,23.81,23.81
ACCENTMIC,16.81,16.81
COMSYN,31.84,31.84
RETAIL,214.92,214.92
WTICAB,14.69,14.69
GOPAL,238.78,78.26
DAVANGERE,29.08,29.08
MAXPOSURE,35.47,35.47
ALPEXSOLAR,30.86,30.77
KRONOX,26.27,26.27
VHLTD,13.33,13.44
SONAMAC,28.58,28.58
SIGNORIA,19.37,19.37
KROSS,70.02,70.02
FALCONTECH,13.55,13.55
TCL,18.88,18.88
ENSER,30.53,30.53
DELAPLEX,11.84,11.84
BOSS,24.33,24.33
RULKA,25.18,25.18
DENTA,58.22,58.22
SINCLAIR,32.58,32.58
SHREEKARNI,26.45,26.45
BLUEPEBBLE,16.27,16.27
AIMTRON,52.90,52.90
PSFL,27.47,27.47
DCG,36.94,36.94
AWFIS,67.91,107.73
DIFFNKG,91.82,91.82
K2INFRA,7.62,7.62
RADIOWALLA,1.23,1.10
RBS,17.17,17.17
ASPIRE,13.61,13.61
VRAJ,13.83,13.83
BALAJEE,54.78,54.78
ENFUSE,63.57,63.57
SANSTAR,37.47,37.47
FILATFASH,45.12,45.12
AVPINFRA,14.18,14.18
SATECH,9.75,9.75
AGARWALTUF,19.95,19.95
SILKFLEX,17.27,17.27
KRN,351.42,351.42
UNIECOM,73.21,73.21
GGBL,39.68,39.68
TGL,12.12,12.12
MACOBSTECH,65.23,65.25
TAC,72.06,72.06
BANSALWIRE,41.49,41.46
EMMIL,18.58,18.58
SABTNL,,9195.86
INDOUS,83.14,83.14
VILAS,42.02,42.02
GARUDA,63.61,63.61
YASHOPTICS,21.13,21.13
MIEL,13.80,13.80
ALUWIND,24.78,24.81
AMBEY,20.50,20.50
SAHAJSOLAR,20.87,20.87
REFRACTORY,20.86,20.86
PRLIND,14.70,14.66
BEACON,20.35,20.47
AKUMS,26.35,27.36
GALAPREC,112.05,111.48
ESPRIT,14.77,14.77
TOLINS,67.82,67.82
WINSOL,22.46,22.46
ORIENTTECH,104.34,104.34
HOACFOODS,53.70,53.70
QUESTLAB,10.51,10.51
GPECO,43.58,43.58
CEIGALL,15.45,15.45
MANBA,93.30,93.30
SPCL,24.34,24.34
POSITRON,19.17,19.17
KATARIA,22.60,22.60
TRANSRAILL,67.64,67.64
INTERARCH,91.27,91.27
PCCL,48.81,48.81
SPPPOLY,482.17,482.17
BULKCORP,12.80,12.80
RNFI,32.26,32.26
PNGJL,128.30,128.30
TUNWAL,15.28,15.28
RAJINDLTD,21.30,21.30
GSMFOILS,29.02,29.02
SFML,26.43,26.93
CHETANA,13.09,13.09
TECHERA,83.81,83.81
VLINFRA,9.53,9.53
SHUBHSHREE,25.05,25.05
ECOSMOBLTY,100.80,100.80
AFCONS,145.18,145.18
ETML,56.92,56.92
AVIANSH,189.36,189.36
SYLVANPLY,24.13,24.13
VISAMAN,29.72,29.72
TROM,21.93,21.93
NEPHROCARE,54.41,54.41
BIKEWO,4066.96,4066.96
FORCAS,34.85,34.85
JAYBEE,47.92,47.92
ASHALOG,7.49,7.49
JEYYAM,15.15,15.15
SRD,186.38,186.38
PARAMATRIX,32.40,32.40
DBEIL,59.23,59.23
NAMOEWASTE,106.33,106.33
DECCANTRAN,89.29,89.29
MFML,4.38,
ENVIRO,19.33,19.33
KALANA,108.83,108.83
AESTHETIK,47.16,47.16
RPEL,112.53,112.53
WOL3D,30.27,30.27
VIESL,20.96,20.96
EFFWA,59.52,59.52
AVANTEL,85.59,85.59
AGIIL,36.07,36.07
UTSSAV,22.38,22.38
VDEAL,26.05,26.05
SUNLITE,25.36,25.36
SSEGL,22.72,22.72
SAJHOTELS,122.67,122.67
PPSL,13.35,13.35
DHARIWAL,37.77,37.77
NEELAM,30.28,30.28
IDEALTECHO,38.56,38.56
PRIZOR,21.40,21.40
BOROSCI,52.99,52.99
THESL,14.14,14.14
QUADFUTURE,1242.66,1242.66
EUREKAFORB,237.11,241.46
HVAX,35.97,35.97
PRANIK,26.38,26.38
BAJAJHFL,172.89,172.89
RELTD,103.94,82.63
HYUNDAI,107.00,107.00
OSELDEVICE,36.76,36.76
LAKSHYA,18.51,18.51
SDREAMS,27.19,27.19
AERON,34.15,34.15
PELATRO,61.42,61.42
MAMATA,37.90,37.90
DIVYADHAN,621.45,621.45
ATCENERGY,28.48,28.48
FORGEAUTO,18.65,18.65
XTGLOBAL,333.51,333.51
EXCELLENT,29.94,29.94
AUSL,18.70,18.70
MYMUDRA,13.58,13.58
SAGILITY,109.03,109.03
ACMESOLAR,123.03,109.99
UNILEX,26.22,26.22
BLACKBUCK,27.37,27.30
NIKITA,18.76,18.76
USHAFIN,21.11,21.11
SATKARTAR,49.42,49.42
RAPPID,40.21,40.21
VMM,540.60,540.60
SAILIFE,179.31,179.31
UHTL,62.25,62.25
BARFLEX,19.68,19.68
DELTIC,19.45,19.45
RAJPUTANA,150.13,149.82
KMEW,175.35,175.35
SURAKSHA,254.16,254.16
OBSCP,78.71,78.71
SGLTL,210.72,210.72
FRESHARA,24.46,24.46
SENORES,146.57,146.57
OCCLLTD,70.05,70.05
APRAMEYA,19.06,19.06
APEXECO,23.32,23.32
ROYALARC,28.57,26.33
ONYX,48.78,48.78
DANISH,58.77,58.77
IKS,185.38,185.38
RAPIDFLEET,44.41,44.41
DHANLAXMI,169.66,169.66
UNIMECH,221.38,221.38
AVL,315.06,315.06
CARRARO,105.56,105.56
ARUNAYA,27.88,27.88
VINCOFE,100.30,100.30
IDENTICAL,37.67,37.67
REXPRO,24.15,24.15
DAMCAPITAL,207.86,207.86
GUJTHEM,312.37,312.37
SHRIAHIMSA,29.42,29.42
VENTIVE,107.71,107.71
KPEL,76.06,76.06
PSRAJ,32.97,32.97
KKJEWELS,15.11,15.11
LAXMIDENTL,666.95,739.78
EMAPARTNER,40.21,40.21
ACTIVEINFR,33.85,33.85
QPOWER,170.89,168.97
VOLERCAR,56.69,56.69
NTPCGREEN,387.73,387.73
NORTHARC,100.94,100.94
AGARWALEYE,298.59,284.93
PROSTARM,115.75,115.75
CHANDAN,39.53,39.53
SCODATUBES,176.33,176.33
AJAXENGG,80.06,80.06
INTEGRITY,32.82,32.82
BAJAJINDEF,128.91,128.91
NATCAPSUQ,437.04,437.04
DDEVPLSTIK,54.82,54.82
ELGNZ,25.89,25.89
NIBE,276.40,276.40
VGINFOTECH,32.81,32.81
TEJASCARGO,40.11,40.11
JUBLCPL,158.84,158.84
MAXVOLT,43.13,43.13
ITCHOTELS,180.91,180.91
BORANA,53.78,53.77
AEGISVOPAK,670.23,670.23
BELRISE,84.20,84.20
GCHOTELS,83.26,83.26
DCCL,21.35,21.35
PROTEAN,171.02,171.02
MOSCHIP,395.89,395.89
ONESOURCE,231.38,231.38
WAAREERTL,111.28,107.60
BHARATSE,56.09,56.09
ACCPL,18.21,18.21
