MARKET,SERIES,SYMBOL,SECURITY,PREV_CL_PR,OPEN_PRICE,HIGH_PRICE,LOW_PRICE,CLOSE_PRICE,NET_TRDVAL,NET_TRDQTY,CORP_IND,HI_52_WK,LO_52_WK
N,SM,AATMAJ,AATMAJ HEALTHCARE LIMITED,        19.55,        19.55,        19.65,        19.55,        19.65,                    78400.00,4000, ,        33.50,        14.50
N,SM,ABCOTS,A B COTSPIN INDIA LIMITED,       434.00,       447.00,       447.00,       420.95,       423.70,                  2022787.50,4750, ,       516.00,       209.10
N,SM,ACCENTMIC,ACCENT MICROCELL LIMITED,       231.70,       233.45,       233.90,       229.90,       230.00,                  3240725.00,14000, ,       315.00,       180.00
N,SM,ACCORD,ACCORD SYNERGY LIMITED,        23.20,        22.10,        22.10,        22.05,        22.10,                   132500.00,6000, ,        37.00,        17.50
N,SM,ACCPL,ACCRETION PHARMA LIMITED,        70.90,        70.80,        71.05,        69.10,        69.35,                  1682700.00,24000, ,        82.95,        62.55
N,SM,ACTIVEINFR,ACTIVE INFRASTRUCTURES L,       170.00,       170.00,       170.00,       170.00,       170.00,                   204000.00,1200, ,       181.40,       147.05
N,SM,AERON,AERON COMPOSITE LIMITED,       134.25,       135.00,       139.25,       132.20,       132.40,                  6072200.00,45000, ,       202.20,       112.70
N,SM,AGARWALFT,AGARWAL FLOAT GLASS I LTD,        48.70,        47.50,        47.50,        47.50,        47.50,                    71250.00,1500, ,       103.95,        42.05
N,SM,AGUL,A G UNIVERSAL LIMITED,        50.40,        47.90,        48.90,        47.90,        48.90,                   193600.00,4000, ,        71.10,        37.30
N,SM,AIMTRON,AIMTRON ELECTRONICS LTD,       664.25,       666.00,       673.00,       630.25,       640.55,                 29005360.00,44800, ,       729.95,       358.00
N,SM,ALLETEC,ALL E TECHNOLOGIES LTD,       387.15,       385.00,       385.00,       375.25,       379.00,                  6231740.00,16400, ,       633.00,       246.00
N,SM,ALPEXSOLAR,ALPEX SOLAR LIMITED,      1057.95,      1062.00,      1099.50,      1054.00,      1079.05,                206242140.00,191600, ,      1150.00,       495.00
N,SM,AMBEY,AMBEY LABORATORIES LTD,        39.30,        38.00,        39.40,        38.00,        39.40,                   390400.00,10000, ,        97.20,        31.85
N,SM,AMEYA,AMEYA PRECISION ENG LTD,       111.35,       111.15,       111.15,       111.15,       111.15,                   222300.00,2000, ,       143.85,        93.00
N,SM,AMIABLE,AMIABLE LOGISTICS (I) LTD,        75.00,        70.10,        72.90,        70.10,        72.90,                   228800.00,3200, ,       110.00,        63.60
N,SM,ANLON,ANLON TECHNOLOGY SOL LTD,       396.95,       399.00,       428.80,       399.00,       416.10,                  7300060.00,17600, ,       607.00,       239.00
N,SM,ANNAPURNA,ANNAPURNA SWADISHT LTD,       273.40,       276.85,       281.50,       272.00,       280.80,                 84415362.50,306250, ,       494.90,       244.95
N,SM,ANYA,ANYA POLYTECH & FERTI LTD,        26.75,        27.35,        27.40,        26.65,        27.10,                  2167250.00,80000, ,        29.05,        16.20
N,SM,APEXECO,APEX ECOTECH LIMITED,       123.95,       122.00,       123.95,       118.65,       118.65,                  1951680.00,16000, ,       169.00,        73.00
N,SM,ARABIAN,ARABIAN PETROLEUM LIMITED,        84.00,        85.00,        85.80,        85.00,        85.80,                   681600.00,8000, ,       115.00,        63.00
N,SM,ARHAM,ARHAM TECHNOLOGIES LTD,        90.20,        88.45,        89.35,        88.45,        89.15,                   798300.00,9000, ,       183.00,        78.20
N,SM,ARUNAYA,ARUNAYA ORGANICS LIMITED,        30.95,        30.55,        31.15,        30.20,        30.30,                  2624700.00,86000, ,        46.50,        29.05
N,SM,ASHALOG,ASHAPURA LOGISTICS LTD,        68.30,        69.65,        69.75,        68.75,        68.85,                   346650.00,5000, ,       194.25,        60.00
N,SM,ATCENERGY,ATC ENERGIES SYSTEM LTD,        78.35,        78.30,        78.60,        75.05,        75.50,                 21978900.00,286800, ,       115.35,        75.05
N,SM,ATMASTCO,ATMASTCO LIMITED,       188.80,       188.15,       190.00,       180.00,       186.00,                  9674720.00,52400, ,       393.90,       162.20
N,SM,AURDIS,AURANGABAD DISTILLERY LTD,       148.75,       149.00,       151.50,       146.25,       148.05,                   654125.00,4375, ,       432.75,       140.00
N,SM,AUROIMPEX,AURO IMPEX & CHEMICALS L,        45.20,        44.80,        46.75,        44.70,        46.50,                   580720.00,12800, ,        94.40,        44.50
N,SM,AUSL,ADITYA ULTRA STEEL LTD,        31.10,        30.50,        31.65,        30.50,        31.65,                   309300.00,10000, ,        72.00,        23.65
N,SM,AVIANSH,AVI ANSH TEXTILE LIMITED,       107.10,       107.00,       108.00,       105.35,       105.85,                   747100.00,7000, ,       114.25,        64.60
N,SM,AVPINFRA,AVP INFRACON LIMITED,       188.85,       188.25,       191.50,       186.60,       187.55,                  8739560.00,46400, ,       264.30,       113.45
N,SM,BABAFP,BABA FOOD PROCESSING,        39.00,        38.15,        39.00,        38.15,        39.00,                   123440.00,3200, ,        64.00,        35.40
N,SM,BAHETI,BAHETI RECYCLING IND LTD,       588.30,       585.00,       602.00,       582.05,       600.45,                 12702412.50,21375, ,       649.90,       247.05
N,SM,BALCO,SOLVE PLASTIC PRODUCTS L,        28.90,        29.90,        29.90,        29.90,        29.90,                    71760.00,2400, ,       112.45,        25.00
N,SM,BAWEJA,BAWEJA STUDIOS LIMITED,        53.25,        52.00,        53.50,        51.35,        52.00,                   670680.00,12800, ,       101.15,        44.00
N,SM,BEACON,BEACON TRUSTEESHIP LTD,        60.80,        62.00,        64.20,        61.50,        62.75,                  4203500.00,67000, ,       151.00,        50.00
N,SM,BETA,BETA DRUGS LIMITED,      1779.95,      1785.10,      1805.00,      1748.00,      1765.00,                  3177830.25,1785, ,      2326.00,      1178.00
N,SM,BIRDYS,GRILL SPLENDOUR SER LTD,       107.10,       107.10,       107.10,       107.10,       107.10,                   128520.00,1200, ,       119.05,        68.25
N,SM,BLUEPEBBLE,BLUE PEBBLE LIMITED,       201.95,       209.95,       209.95,       201.00,       201.00,                  1805720.00,8800, ,       390.00,       172.10
N,SM,BLUEWATER,BLUE WATER LOGISTICS LTD,       167.05,       166.00,       168.95,       165.00,       166.00,                  3329300.00,20000, ,       187.20,       135.20
N,SM,BMETRICS,BOMBAY METRICS S C LTD,        48.65,        48.50,        48.55,        48.50,        48.55,                    77640.00,1600, ,       186.85,        38.10
N,SM,BOSS,BOSS PACKAGING SOLU LTD,        51.00,        51.55,        51.55,        51.55,        51.55,                   103100.00,2000, ,        86.60,        36.55
N,SM,CADSYS,CADSYS (INDIA) LIMITED,        75.50,        75.50,        75.50,        75.50,        75.50,                    37750.00,500, ,       239.10,        66.50
N,SM,CANARYS,CANARYS AUTOMATIONS LTD,        29.60,        29.85,        31.50,        29.85,        30.70,                  2180400.00,72000, ,        68.70,        23.50
N,SM,CBAZAAR,NET AVENUE TECHNOLOGIES L,         5.75,         5.75,         5.75,         5.75,         5.75,                    46000.00,8000, ,        17.45,         5.50
N,SM,CELLPOINT,CELL POINT (INDIA) LTD,        18.40,        18.10,        18.95,        18.10,        18.95,                    66780.00,3600, ,        38.20,        15.60
N,SM,CGRAPHICS,CREATIVE GRAPHICS S IND L,       203.50,       204.00,       204.00,       197.00,       198.70,                 11487560.00,57600, ,       229.95,       134.40
N,SM,CHANDAN,CHANDAN HEALTHCARE LTD,       197.70,       200.00,       201.00,       196.00,       196.10,                 11657560.00,59200, ,       224.60,       140.00
N,SM,CHAVDA,CHAVDA INFRA LIMITED,       128.15,       126.85,       127.55,       125.30,       127.00,                  2022750.00,16000, ,       208.85,       111.80
N,SM,CHETANA,CHETANA EDUCATION LIMITED,        86.95,        88.00,        88.50,        88.00,        88.50,                   564640.00,6400, ,       129.00,        75.40
N,SM,CLSL,CROP LIFE SCIENCE LIMITED,        50.25,        50.25,        52.75,        50.25,        52.75,                   726500.00,14000, ,        69.20,        41.50
N,SM,CMNL,CHAMAN METALLICS LIMITED,       158.95,       160.00,       163.00,       156.15,       157.10,                  4050900.00,25500, ,       178.80,        64.00
N,SM,CMRSL,CYBER MEDIA RES & SER LTD,        86.00,        82.05,        90.30,        82.05,        90.15,                   426320.00,4800, ,       205.00,        64.00
N,SM,CONTI,CONTINENTAL SEED CHEM LTD,        23.65,        24.70,        24.70,        24.50,        24.50,                   327467.25,13332, ,        70.15,        22.10
N,SM,COOLCAPS,COOL CAPS INDUSTRIES LTD,       814.90,       810.00,       819.40,       803.30,       804.00,                  8502525.00,10500, ,       931.00,       316.00
N,SM,DANISH,DANISH POWER LIMITED,      1122.95,      1130.00,      1143.00,      1104.05,      1108.45,                 45472710.00,40650, ,      1316.00,       541.50
N,SM,DCCL,DAR CREDIT & CAPITAL LTD,        55.65,        55.00,        55.90,        52.00,        55.00,                  4204100.00,78000, ,        66.00,        52.00
N,SM,DCG,DCG CABLES & WIRES LTD,        67.35,        68.20,        68.20,        66.75,        67.45,                   161940.00,2400, ,       182.50,        57.15
N,SM,DECCANTRAN,DECCAN TRANSCON LEASING L,        37.10,        36.30,        37.15,        36.30,        36.90,                   177000.00,4800, ,       117.90,        35.60
N,SM,DEEM,DEEM ROLL TECH LIMITED,        60.30,        60.60,        60.60,        60.60,        60.60,                    60600.00,1000, ,       136.45,        51.25
N,SM,DELAPLEX,DELAPLEX LIMITED,       157.75,       157.75,       157.75,       152.00,       154.25,                  1483110.00,9600, ,       333.00,       128.50
N,SM,DENEERS,DE NEERS TOOLS LIMITED,       340.00,       338.00,       338.00,       330.05,       330.45,                  2206890.00,6600, ,       374.80,       175.00
N,SM,DENTALKART,VASA DENTICITY LIMITED,       614.50,       613.00,       624.00,       613.00,       618.90,                  3401337.50,5500, ,       840.00,       525.00
N,SM,DHANLAXMI,DHANLAXMI CROP SCIENCE L,        47.85,        48.15,        48.15,        47.00,        47.00,                   190300.00,4000, ,       110.00,        45.00
N,SM,DIGIKORE,DIGIKORE STUDIOS LIMITED,       184.15,       176.50,       192.00,       176.50,       189.95,                  1665690.00,8800, ,       560.00,       150.00
N,SM,DKEGL,D K ENTERPRISES GLOBAL L,        67.10,        61.50,        71.50,        61.50,        69.95,                   409350.00,6000, ,       103.80,        56.50
N,SM,DOLLEX,DOLLEX AGROTECH LIMITED,        38.45,        39.00,        39.00,        38.50,        38.75,                  1239800.00,32000, ,        50.45,        32.00
N,SM,DTL,DIENSTEN TECH LIMITED,       158.00,       154.05,       154.05,       150.00,       153.00,                  1460400.00,9600, ,       264.60,       105.00
N,SM,DUCOL,DUCOL ORGS AND COLOURS LT,       119.50,       114.30,       114.50,       113.90,       114.50,                   274160.00,2400, ,       164.40,        93.50
N,SM,DUGLOBAL,DUDIGITAL GLOBAL LIMITED,        49.25,        48.35,        50.00,        48.30,        48.30,                  1950375.00,40000, ,        81.95,        40.25
N,SM,DURLAX,DURLAX TOP SURFACE LTD,        45.20,        45.20,        45.20,        45.20,        45.20,                    90400.00,2000, ,       109.00,        33.10
N,SM,ELGNZ,ELEGANZ INTERIORS LIMITED,       128.00,       128.10,       128.10,       125.00,       126.50,                  2264350.00,18000, ,       163.50,        95.00
N,SM,EMAPARTNER,EMA PARTNERS INDIA LTD,       100.25,       101.85,       101.85,        99.25,        99.85,                  1400950.00,14000, ,       158.80,        99.00
N,SM,EMMIL,ENERGY MISSION MACH IND L,       193.10,       194.00,       195.00,       188.50,       194.90,                   630325.00,3250, ,       581.50,       162.10
N,SM,ENFUSE,ENFUSE SOLUTIONS LIMITED,       233.00,       225.00,       244.95,       225.00,       244.95,                   428940.00,1800, ,       282.00,       114.10
N,SM,ENVIRO,ENVIROTECH SYSTEMS LTD,       115.45,       113.30,       119.00,       112.20,       116.00,                  9032850.00,78000, ,       155.00,        89.05
N,SM,ESFL,ESSEN SPECIALITY FILMS L,       440.95,       447.00,       447.00,       436.00,       439.60,                 10036926.00,22680, ,       757.25,       135.00
N,SM,ESPRIT,ESPRIT STONES LIMITED,       115.80,       115.85,       115.85,       110.00,       110.40,                  4668960.00,41600, ,       159.45,        86.25
N,SM,ETML,EMERALD TYRE MANUF LTD,       118.40,       118.00,       118.05,       116.00,       116.00,                  3806520.00,32400, ,       198.95,        96.10
N,SM,EUROBOND,EURO PANEL PRODUCTS LTD,       175.00,       170.00,       176.75,       170.00,       176.75,                  9599100.00,56000, ,       230.00,       144.85
N,SM,FALCONTECH,FALCON TECHNOPROJ IND LTD,        29.50,        29.50,        30.50,        29.50,        30.50,                   178440.00,6000, ,        91.85,        27.60
N,SM,FONEBOX,FONEBOX RETAIL LIMITED,        82.50,        82.50,        82.50,        82.50,        82.50,                    82500.00,1000, ,       217.00,        73.05
N,SM,FORGEAUTO,FORGE AUTO INTERNATION L,        94.00,        95.95,        95.95,        95.95,        95.95,                   115140.00,1200, ,       115.00,        60.00
N,SM,FRESHARA,FRESHARA AGRO EXPORTS LTD,       181.20,       181.25,       181.25,       178.10,       178.85,                 15282780.00,85200, ,       207.00,       110.00
N,SM,GAJANAND,GAJANAND INTERNATIONAL L,        13.00,        12.85,        12.95,        12.85,        12.95,                   155100.00,12000, ,        43.00,        12.00
N,SM,GANGABATH,GANGA BATH FITTINGS LTD,        36.00,        35.00,        38.40,        35.00,        37.05,                 13383600.00,360000, ,        59.00,        33.50
N,SM,GICL,GLOBE INTL CARRIERS LTD,       118.65,       129.80,       129.80,       119.30,       119.30,                  4204800.00,34500, ,       129.80,        36.85
N,SM,GLOBALPET,GLOBAL PET INDUSTRIES LTD,       120.55,       125.00,       125.60,       125.00,       125.00,                  1500975.00,12000, ,       141.95,        89.00
N,SM,GOYALSALT,GOYAL SALT LIMITED,       156.50,       158.10,       159.75,       155.10,       155.10,                   844890.00,5400, ,       241.70,       142.00
N,SM,GPECO,GP ECO SOLUTIONS INDIA L,       389.30,       381.00,       384.90,       371.00,       377.10,                105647790.00,279600, ,       470.00,       212.20
N,SM,GRCL,GAYATRI RUBB AND CHEM LTD,       418.60,       422.80,       438.00,       397.70,       415.00,                  4618275.00,11500, ,       525.25,       308.75
N,SM,GREENCHEF,GREENCHEF APPLIANCES LTD,        61.80,        60.40,        60.40,        59.90,        59.95,                   289000.00,4800, ,        91.20,        54.55
N,SM,HIGREEN,HI GREEN CARBON LIMITED,       210.10,       210.70,       216.30,       210.60,       216.25,                  1712120.00,8000, ,       340.90,       160.00
N,SM,HOMESFY,HOMESFY REALTY LIMITED,       274.15,       286.90,       287.00,       260.45,       285.70,                  1965720.00,7200, ,       743.00,       260.45
N,SM,IBLFL,IBL FINANCE LIMITED,        60.15,        60.15,        63.10,        60.15,        63.05,                   624600.00,10000, ,        91.70,        45.45
N,SM,IDEALTECHO,IDEAL TECHNOPLAST IND LTD,       140.45,       140.95,       140.95,       140.95,       140.95,                   140950.00,1000, ,       154.95,        88.00
N,SM,IDENTICAL,IDENTICAL BRAINS STUDIO L,        41.50,        41.50,        41.50,        40.15,        41.00,                   658400.00,16000, ,        99.75,        38.00
N,SM,INDIFRA,INDIFRA LIMITED,        22.70,        23.00,        24.50,        23.00,        23.10,                   377000.00,16000, ,        38.65,        12.65
N,SM,INFINIUM,INFINIUM PHARMACHEM LTD,       290.00,       298.50,       298.50,       296.00,       296.65,                  1040400.00,3500, ,       392.50,       178.05
N,SM,INFOLLION,INFOLLION RESEARCH SER L,       485.60,       486.00,       490.00,       480.05,       485.00,                  1937240.00,4000, ,       575.00,       223.05
N,SM,INSPIRE,INSPIRE FILMS LIMITED,        19.35,        19.35,        19.60,        19.15,        19.60,                   233300.00,12000, ,        36.95,        18.50
N,SM,INTEGRITY,INTEGRITY INFRABUILD DE L,       101.05,       101.10,       101.10,       101.10,       101.10,                   242640.00,2400, ,       107.00,       100.00
N,SM,ITALIANE,ITALIAN EDIBLES LIMITED,        35.25,        36.00,        36.95,        36.00,        36.95,                   289900.00,8000, ,        67.60,        29.95
N,SM,IWARE,IWARE SUPPLYCHAIN SER LTD,        88.75,        88.00,        89.40,        85.00,        87.35,                  5217960.00,60000, ,        97.00,        70.05
N,SM,JAYBEE,JAY BEE LAMINATIONS LTD,       233.05,       231.00,       235.50,       229.00,       233.20,                  6115275.00,26500, ,       456.00,       178.05
N,SM,JEYYAM,JEYYAM GLOBAL FOODS LTD,        40.00,        39.75,        40.65,        39.65,        40.40,                   964200.00,24000, ,        69.90,        31.00
N,SM,JFLLIFE,JFL LIFE SCIENCES LIMITED,        15.15,        15.05,        15.10,        15.05,        15.05,                   542400.00,36000, ,        75.10,        14.45
N,SM,JSLL,JEENA SIKHO LIFECARE LTD,       425.55,       425.80,       432.70,       417.00,       422.80,                 27023962.50,63450, ,      2498.60,       400.25
N,SM,KALANA,KALANA ISPAT LIMITED,        42.10,        43.20,        43.20,        41.25,        41.25,                   168900.00,4000, ,        55.00,        32.60
N,SM,KATARIA,KATARIA INDUSTRIES LTD,       115.00,       115.00,       115.00,       114.00,       115.00,                   275400.00,2400, ,       247.00,        90.50
N,SM,KCK,KCK INDUSTRIES LTD,        43.85,        43.85,        45.00,        42.65,        44.35,                 43818750.00,1007500, ,       324.50,        32.90
N,SM,KDL,KORE DIGITAL LIMITED,       323.30,       322.00,       336.45,       317.00,       318.20,                  8157832.50,25200, ,      2856.15,       262.10
N,SM,KEL,KUNDAN EDIFICE LIMITED,       118.00,       121.00,       123.80,       120.30,       123.80,                   727800.00,6000, ,       186.95,        91.00
N,SM,KKJEWELS,KABRA JEWELS LIMITED,       122.85,       125.00,       125.00,       117.00,       120.50,                  3976750.00,33000, ,       265.00,       108.05
N,SM,KKVAPOW,KKV AGRO POWERS LTD.,       605.00,       635.00,       635.00,       635.00,       635.00,                    99060.00,156, ,      1178.00,       484.50
N,SM,KLL,KAUSHALYA LOGISTICS LTD,        77.60,        75.70,        85.50,        75.70,        85.00,                  9665160.00,116800, ,       162.80,        70.00
N,SM,KNAGRI,KN AGRI RESOURCES LIMITED,       218.85,       219.25,       220.95,       216.75,       219.15,                  6681780.00,30400, ,       310.00,       161.00
N,SM,KODYTECH,KODY TECHNOLAB LIMITED,       799.50,       800.00,       839.00,       795.15,       832.70,                 12593125.00,15500, ,      4175.00,       670.00
N,SM,KRISHCA,KRISHCA STRAPPING SLTN L,       275.35,       278.00,       288.00,       276.10,       281.70,                  8450675.00,30000, ,       430.00,       196.05
N,SM,KRISHNADEF,KRISHNA DEF AND ALD IND L,       894.70,       891.05,       902.80,       865.35,       896.35,                 55284700.00,62500, ,      1130.00,       503.00
N,SM,LAKSHYA,LAKSHYA POWERTECH LIMITED,       154.00,       160.00,       161.90,       153.10,       156.55,                  2407720.00,15200, ,       376.95,       146.00
N,SM,MADHUSUDAN,MADHUSUDAN MASALA LIMITED,       148.15,       149.00,       149.05,       148.50,       148.50,                  1936500.00,13000, ,       229.00,       130.00
N,SM,MAITREYA,MAITREYA MEDICARE LIMITED,       280.00,       270.10,       278.00,       270.10,       277.65,                  1751620.00,6400, ,       400.00,       111.00
N,SM,MARCO,MARCO CABLE & CONDUCTOR L,        45.55,        45.00,        45.95,        45.00,        45.80,                   479700.00,10500, ,        83.95,        33.10
N,SM,MARINETRAN,MARINETRANS INDIA LIMITED,        16.55,        16.90,        16.90,        16.50,        16.50,                   133600.00,8000, ,        34.00,        13.80
N,SM,MAXPOSURE,MAXPOSURE LIMITED,        54.20,        53.20,        53.95,        53.10,        53.15,                   266550.00,5000, ,       139.00,        49.60
N,SM,MCON,MCON RASAYAN INDIA LTD,       108.00,       106.05,       106.05,       102.60,       102.60,                  2890050.00,28000, ,       244.35,       101.45
N,SM,MEGAFLEX,MEGA FLEX PLASTICS LTD,        52.50,        52.55,        54.85,        52.55,        53.05,                  1129350.00,21000, ,        75.00,        34.05
N,SM,MEGATHERM,MEGATHERM INDUCTION LTD,       357.45,       364.30,       364.30,       352.20,       361.50,                  6482660.00,18000, ,       490.00,       255.00
N,SM,MHHL,MOHINI HEALTH&HYGIENE LTD,        58.05,        58.00,        58.90,        57.20,        57.55,                  1393050.00,24000, ,        86.90,        46.00
N,SM,MICROPRO,MICROPRO SOFTWARE SOL L,        23.45,        22.00,        23.95,        22.00,        23.95,                   147440.00,6400, ,        49.40,        18.05
N,SM,MILTON,MILTON INDUSTRIES LIMITED,        30.00,        29.00,        29.00,        29.00,        29.00,                   127600.00,4400, ,        46.80,        26.50
N,SM,MINDPOOL,MINDPOOL TECHNOLOGIES LTD,        56.00,        58.80,        58.80,        58.80,        58.80,                   235200.00,4000, ,        85.00,        49.00
N,SM,MONOPHARMA,MONO PHARMACARE LIMITED,        25.10,        24.50,        24.50,        24.50,        24.50,                    49000.00,2000, ,        41.95,        22.10
N,SM,MOS,MOS UTILITY LIMITED,       252.90,       251.50,       255.80,       250.20,       251.55,                 11690960.00,46400, ,       374.95,       150.00
N,SM,MOXSH,MOXSH OVERSEAS EDUCON LTD,        27.00,        27.05,        28.35,        27.00,        28.35,                   263680.00,9600, ,       210.50,        25.50
N,SM,MPTODAY,M P TODAY MEDIA LIMITED,        38.95,        40.85,        40.85,        40.85,        40.85,                    81700.00,2000, ,        47.50,        25.20
N,SM,MWL,MANGALAM WORLDWIDE LTD,       162.85,       162.85,       165.90,       162.00,       163.95,                  2949960.00,18000, ,       184.00,       126.15
N,SM,MYMUDRA,MY MUDRA FINCORP LIMITED,        73.20,        74.95,        76.95,        74.95,        76.95,                   733860.00,9600, ,       130.05,        51.60
N,SM,NAMOEWASTE,NAMO EWASTE MANAGEMENT L,       145.00,       144.95,       145.00,       137.00,       140.30,                 11113760.00,78400, ,       284.00,       135.20
N,SM,NEPHROCARE,NEPHRO CARE INDIA LIMITED,       120.10,       120.10,       123.00,       116.70,       121.75,                  2399580.00,20000, ,       378.80,       116.70
N,SM,NEPTUNE,NEPTUNE PETROCHEMICALS L,       143.20,       143.25,       143.25,       142.10,       142.35,                  3139600.00,22000, ,       152.75,       126.30
N,SM,NIDAN,NIDAN LABS AND HEALTH LTD,        20.50,        20.15,        20.85,        20.15,        20.80,                    82600.00,4000, ,        39.20,        16.05
N,SM,NIKITA,NIKITA PAPERS LIMITED,        98.10,        96.15,        98.00,        95.50,        95.65,                  1740600.00,18000, ,       106.90,        84.60
N,SM,NRVANDANA,N R VANDANA TEX IND LTD,        41.30,        41.00,        43.00,        40.85,        42.70,                  5817150.00,138000, ,        46.00,        37.55
N,SM,OMFURN,OMFURN INDIA LIMITED,       105.45,       105.00,       106.00,       104.35,       105.85,                  2402760.00,22800, ,       120.60,        54.25
N,SM,ONYX,ONYX BIOTEC LIMITED,        52.95,        52.90,        52.90,        50.35,        52.40,                  1222900.00,24000, ,        97.45,        45.00
N,SM,OSELDEVICE,OSEL DEVICES LIMITED,       274.40,       275.00,       278.00,       273.10,       276.75,                  5395520.00,19600, ,       344.00,       169.60
N,SM,PARAGON,PARAGON FINE S.C. LTD.,        64.75,        64.75,        67.85,        64.75,        67.85,                   159120.00,2400, ,       179.00,        61.20
N,SM,PARIN,PARIN ENTERPRISES LIMITED,       344.00,       341.00,       347.00,       341.00,       344.00,                  1030000.00,3000, ,       410.95,       198.55
N,SM,PARTYCRUS,PARTY CRUISERS LIMITED,        80.00,        80.55,        80.55,        80.45,        80.45,                   402500.00,5000, ,       140.00,        77.00
N,SM,PASHUPATI,PASHUPATI COTSPIN LIMITED,       660.65,       662.00,       664.00,       662.00,       664.00,                   265200.00,400, ,       675.00,       404.35
N,SM,PATTECH,PATTECH FITWELL TUB COM L,        76.75,        80.55,        80.55,        79.00,        80.55,                  3618675.00,45000, ,       166.50,        60.10
N,SM,PCCL,PETRO CARBON AND CHEMI L,       187.00,       187.00,       187.00,       181.00,       182.85,                 19989540.00,109200, ,       382.80,       150.00
N,SM,PELATRO,PELATRO LIMITED,       405.00,       409.80,       410.00,       401.05,       403.70,                  1955190.00,4800, ,       559.90,       263.00
N,SM,PENTAGON,PENTAGON RUBBER LIMITED,        62.00,        61.50,        64.60,        61.50,        63.50,                   567850.00,9000, ,       140.00,        52.00
N,SM,PHANTOMFX,PHANTOM DIGITAL EFF LTD,       255.05,       257.60,       257.60,       255.00,       255.00,                  1075755.00,4200, ,       489.90,       165.00
N,SM,PPSL,PICTUREPOST STUDIOS LTD,        22.95,        22.95,        23.10,        22.30,        22.55,                   544950.00,24000, ,        45.60,        22.00
N,SM,PRANIK,PRANIK LOGISTICS LIMITED,        86.50,        86.75,        86.75,        85.20,        85.20,                   412720.00,4800, ,       112.95,        55.25
N,SM,PRATHAM,PRATHAM EPC PROJECTS LTD,       151.45,       151.10,       152.50,       150.00,       152.50,                  1148200.00,7600, ,       442.80,       145.10
N,SM,PREMIUM,PREMIUM PLAST LIMITED,        39.00,        38.80,        38.80,        38.80,        38.80,                   116400.00,3000, ,        51.75,        26.05
N,SM,PRESSTONIC,PRESSTONIC ENGINEERING L,       101.10,       100.05,       103.70,       100.00,       100.95,                   975760.00,9600, ,       151.00,        80.35
N,SM,PRLIND,PREMIER ROADLINES LIMITED,        98.05,        98.50,        99.00,        97.00,        97.00,                  1577600.00,16000, ,       174.90,        78.20
N,SM,PROPEQUITY,P. E. ANALYTICS LIMITED,       210.00,       210.00,       210.00,       210.00,       210.00,                   126000.00,600, ,       332.00,       188.80
N,SM,PSFL,PARAMOUNT SPECIALI FORG L,        40.00,        40.00,        42.00,        40.00,        41.80,                  1911400.00,46000, ,        87.15,        38.50
N,SM,PSRAJ,P S RAJ STEELS LIMITED,       155.00,       154.90,       155.95,       152.50,       153.10,                  2770450.00,18000, ,       158.50,       122.85
N,SM,PULZ,PULZ ELECTRONICS LIMITED,        47.25,        46.75,        46.75,        46.40,        46.60,                   279500.00,6000, ,       210.15,        37.55
N,SM,QFIL,QUALITY FOILS (INDIA) LTD,        75.30,        79.05,        79.05,        79.05,        79.05,                   158100.00,2000, ,       121.75,        67.10
N,SM,QMSMEDI,QMS MEDICAL ALLIED S LTD,        87.60,        87.10,        87.10,        86.20,        86.75,                   607900.00,7000, ,       153.90,        72.35
N,SM,QUESTLAB,QUEST LABORATORIES LTD,        87.00,        87.15,        87.15,        82.65,        85.55,                  2036460.00,24000, ,       172.90,        75.15
N,SM,RADIOWALLA,RADIOWALLA NETWORK LTD,        62.50,        64.00,        64.00,        64.00,        64.00,                   307200.00,4800, ,       150.00,        53.85
N,SM,RAJINDLTD,RAJPUTANA INDUSTRIES LTD,        79.30,        79.00,        79.90,        77.55,        78.50,                   708675.00,9000, ,       120.00,        71.00
N,SM,RAJPUTANA,RAJPUTANA BIODIESEL LTD,       225.45,       233.90,       234.00,       233.90,       233.95,                   350900.00,1500, ,       383.85,       173.15
N,SM,RAPIDFLEET,RAPID FLEET MGT SERVICE L,       195.10,       190.30,       190.35,       190.30,       190.30,                  7079190.00,37200, ,       229.00,       175.00
N,SM,RAPPID,RAPPID VALVES (INDIA) LTD,       282.10,       282.00,       282.00,       275.00,       280.50,                   839970.00,3000, ,       430.00,       215.20
N,SM,RBS,RAMDEVBABA SOLVENT LTD,       112.50,       112.50,       113.00,       112.00,       112.00,                  3420560.00,30400, ,       150.50,        84.50
N,SM,RCDL,RAJGOR CASTOR DERIVATI L,        22.45,        22.35,        22.35,        22.35,        22.35,                    67050.00,3000, ,        41.45,        16.55
N,SM,REMUS,REMUS PHARMACEUTICALS L,      1880.45,      1919.95,      1974.70,      1880.45,      1959.45,                  9970942.50,5150, ,      2834.75,      1781.05
N,SM,REXPRO,REXPRO ENTERPRISES LTD,        85.00,        86.95,        86.95,        86.95,        86.95,                    86950.00,1000, ,       120.00,        73.35
N,SM,RMDRIP,R M DRIP & SPRINK SYS LTD,       559.40,       569.50,       571.25,       553.90,       554.00,                  3365825.00,6000, ,       571.25,       137.00
N,SM,RNFI,RNFI SERVICES LIMITED,       259.85,       260.60,       260.60,       249.00,       250.40,                 10540740.00,41400, ,       321.00,       109.80
N,SM,SAAKSHI,SAAKSHI MEDTEC N PANELS L,       169.50,       170.00,       170.00,       165.70,       166.95,                  1406460.00,8400, ,       369.00,       118.00
N,SM,SAHANA,SAHANA SYSTEM LIMITED,      1413.60,      1414.00,      1429.95,      1380.00,      1414.35,                 45971800.00,32625, ,      2135.00,       990.85
N,SM,SAJHOTELS,SAJ HOTELS LIMITED,        67.10,        67.30,        67.50,        66.20,        66.20,                   669500.00,10000, ,        86.50,        40.10
N,SM,SANGANI,SANGANI HOSPITALS LIMITED,        71.50,        71.50,        71.50,        71.50,        71.50,                   214500.00,3000, ,        81.00,        35.20
N,SM,SAROJA,SAROJA PHARMA INDUS IND L,        36.00,        36.40,        37.50,        36.40,        36.50,                   293120.00,8000, ,        70.75,        34.00
N,SM,SARTELE,SAR TELEVENTURE LIMITED,       241.90,       241.00,       262.95,       241.00,       259.55,                 37813350.00,148500, ,       413.70,       188.00
N,SM,SEL,SUNGARNER ENERGIES LTD,       292.85,       290.30,       296.00,       280.00,       292.75,                   859230.00,3000, ,       909.20,       257.55
N,SM,SFML,SUPREME FACILITY MGMT LTD,        33.20,        33.05,        33.05,        32.20,        32.95,                   833120.00,25600, ,        75.00,        27.40
N,SM,SHIVAUM,SHIV AUM STEELS LIMITED,       289.00,       302.00,       302.00,       302.00,       302.00,                   151000.00,500, ,       303.00,       237.50
N,SM,SHREEKARNI,SHREE KARNI FABCOM LTD,       571.00,       574.00,       574.00,       561.55,       570.00,                  2134837.50,3750, ,       852.90,       490.35
N,SM,SHREEOSFM,SHREE OSFM E-MOBILITY LTD,       108.00,       110.00,       111.85,       109.00,       110.00,                  1755150.00,16000, ,       215.00,        82.70
N,SM,SHRIAHIMSA,SHRI AHIMSA NATURALS LTD,       153.70,       154.00,       155.00,       153.00,       153.00,                  5547360.00,36000, ,       173.00,       126.50
N,SM,SHRITECH,SHRI TECHTEX LIMITED,        90.00,        90.00,        90.00,        87.70,        90.00,                   535400.00,6000, ,        95.50,        56.00
N,SM,SHUBHLAXMI,SHUBHLAXMI JEWEL ART LTD,        16.90,        16.55,        16.55,        16.55,        16.55,                    16550.00,1000, ,        43.65,        14.50
N,SM,SHUBHSHREE,SHUBHSHREE BIOFUELS ENE L,       386.50,       390.00,       390.00,       380.00,       383.00,                  1611600.00,4200, ,       449.00,       179.55
N,SM,SIDDHIKA,SIDDHIKA COATINGS LIMITED,       202.00,       212.10,       212.10,       212.10,       212.10,                   424200.00,2000, ,       355.35,       116.85
N,SM,SJLOGISTIC,S J LOGISTICS (INDIA) LTD,       471.90,       467.80,       470.40,       459.20,       463.05,                 15513225.00,33500, ,       725.00,       435.00
N,SM,SKP,SKP BEARING INDUSTRI. LTD,       224.00,       215.00,       220.05,       212.55,       218.90,                  1736250.00,8000, ,       264.95,       190.00
N,SM,SONAMAC,SONA MACHINERY LIMITED,        80.20,        75.00,        80.95,        75.00,        80.00,                   630900.00,8000, ,       249.90,        75.00
N,SM,SOTAC,SOTAC PHARMACEUTICALS LTD,       125.40,       131.65,       131.65,       125.40,       131.65,                 10098060.00,79200, ,       202.80,        88.05
N,SM,SPECTSTM,SPECTRUM TALENT MGMT LTD,       135.00,       132.00,       132.00,       128.50,       128.90,                  1467560.00,11200, ,       216.00,        95.40
N,SM,SPPPOLY,SPP POLYMER LIMITED,        17.70,        17.95,        17.95,        17.45,        17.65,                   106100.00,6000, ,        63.00,        13.25
N,SM,SPRL,SP REFRACTORIES LIMITED,       140.00,       139.95,       139.95,       139.95,       139.95,                   111960.00,800, ,       356.50,       104.55
N,SM,SSEGL,SATHLOKHAR SYN E&C GLOB L,       402.55,       402.55,       404.00,       380.00,       390.95,                 40135640.00,102000, ,       695.45,       222.95
N,SM,SSFL,SRIVARI SPICES N FOODS L,       148.75,       151.20,       151.20,       147.00,       148.00,                  1923700.00,13000, ,       368.90,       138.00
N,SM,SWASTIK,SWASTIK PIPE LIMITED,        35.05,        34.90,        35.00,        34.15,        34.25,                   664800.00,19200, ,        81.00,        33.20
N,SM,SYSTANGO,SYSTANGO TECHNOLOGIES LTD,       246.80,       245.15,       248.00,       245.15,       247.15,                  1382180.00,5600, ,       301.30,       192.25
N,SM,TAC,TAC INFOSEC LIMITED,      1019.60,      1030.00,      1030.00,       982.00,      1010.45,                 52786935.00,52100, ,      1697.00,       500.00
N,SM,TCL,THAAI CASTING LIMITED,        98.80,       102.45,       107.65,       101.10,       104.05,                  6415400.00,61600, ,       248.30,        77.15
N,SM,TEJASCARGO,TEJAS CARGO INDIA LIMITED,       174.45,       176.10,       198.00,       176.10,       190.00,                 15129000.00,81600, ,       198.00,       141.05
N,SM,THESL,THINKING HATS ENTER SOL L,        29.00,        27.70,        27.70,        27.55,        27.55,                   827850.00,30000, ,        61.00,        25.70
N,SM,TIMESCAN,TIMESCAN LOGISTICS IND L,        64.00,        64.00,        64.00,        64.00,        64.00,                   128000.00,2000, ,        93.00,        38.40
N,SM,TRANSTEEL,TRANSTEEL SEATING TECH L,       128.50,       128.50,       128.50,       126.20,       127.75,                  4584400.00,36000, ,       137.95,        42.00
N,SM,TRIDHYA,TRIDHYA TECH LIMITED,        19.20,        18.20,        19.05,        18.20,        19.05,                   168750.00,9000, ,        44.40,        18.20
N,SM,TUNWAL,TUNWAL E-MOTORS LIMITED,        31.25,        31.30,        31.50,        31.15,        31.25,                  1562700.00,50000, ,        64.00,        27.25
N,SM,UHTL,UNITED HEAT TRANSFER LTD,        73.50,        73.15,        73.15,        69.30,        69.80,                  2145400.00,30000, ,       128.70,        51.50
N,SM,UMA,UMA CONVERTER LIMITED,        26.25,        26.00,        27.00,        26.00,        26.20,                  1266200.00,48000, ,        45.05,        24.15
N,SM,UNIHEALTH,UNIHEALTH HOSPITALS LTD,       169.30,       170.00,       170.00,       167.10,       169.40,                   675800.00,4000, ,       191.00,       109.00
N,SM,UNILEX,UNILEX COLOURS AND CHEM L,        42.75,        43.60,        44.00,        42.00,        42.00,                  1233840.00,28800, ,        89.00,        40.00
N,SM,USASEEDS,UPSURGE SEEDS OF AGRI LTD,       165.00,       148.10,       160.00,       148.00,       158.15,                   547665.00,3600, ,       339.85,       130.70
N,SM,VEEKAYEM,VEEKAYEM FASH & APP LTD,       248.40,       244.15,       247.90,       236.55,       241.15,                   724925.00,3000, ,       337.95,       174.30
N,SM,VGINFOTECH,VIRTUAL GALAXY INFOTECH L,       171.30,       174.60,       174.60,       166.55,       167.85,                 26507700.00,156000, ,       197.85,       146.00
N,SM,VIAZ,VIAZ TYRES LIMITED,        54.00,        53.95,        53.95,        53.95,        53.95,                   107900.00,2000, ,        73.50,        49.30
N,SM,VIESL,VISION INFRA EQUIP SOL L,       166.10,       166.50,       167.30,       158.00,       160.55,                 13909600.00,86400, ,       228.70,       111.95
N,SM,VINSYS,VINSYS IT SERVICES IND LT,       390.40,       390.95,       392.00,       388.00,       388.50,                  1951975.00,5000, ,       450.00,       300.00
N,SM,VINYAS,VINYAS INNOVATIVE TECH L,      1228.95,      1239.95,      1259.80,      1200.00,      1236.10,                 54765520.00,44200, ,      1442.50,       575.80
N,SM,VISAMAN,VISAMAN GLOBAL SALES LTD,        46.10,        46.00,        48.25,        43.25,        46.65,                  7590750.00,162000, ,        48.75,        34.00
N,SM,VISHNUINFR,VISHNUSURYA PROJ N INFR L,       163.95,       166.20,       170.00,       164.60,       164.65,                  6948350.00,42000, ,       414.00,       155.05
N,SM,VISHWAS,VISHWAS AGRI SEEDS LTD,        60.00,        58.65,        58.70,        58.65,        58.70,                   187760.00,3200, ,        94.00,        56.70
N,SM,VITAL,VITAL CHEMTECH LIMITED,        66.00,        63.55,        64.95,        63.50,        64.95,                   690540.00,10800, ,       115.40,        48.10
N,SM,VLINFRA,V.L.INFRAPROJECTS LIMITED,        42.55,        42.30,        45.00,        41.25,        43.55,                  2852925.00,66000, ,       141.00,        40.00
N,SM,VOLERCAR,VOLER CAR LIMITED,        85.65,        84.60,        84.60,        84.55,        84.55,                   270640.00,3200, ,       115.75,        77.40
N,SM,VR,V R INFRASPACE LIMITED,       188.00,       185.00,       225.55,       185.00,       191.00,                   482040.00,2400, ,       354.90,       142.50
N,SM,WOL3D,WOL 3D INDIA LIMITED,       125.00,       125.00,       125.00,       125.00,       125.00,                   125000.00,1000, ,       189.05,        97.00
N,SM,WOMANCART,WOMANCART LIMITED,       230.00,       229.95,       231.00,       225.50,       225.50,                  4546140.00,20000, ,       437.15,       155.00
N,SM,WTICAB,WISE TRAVEL INDIA LIMITED,       144.00,       142.00,       143.90,       142.00,       142.00,                  2062475.00,14500, ,       342.95,       115.20
N,SM,YASHOPTICS,YASH OPTICS & LENS LTD,        81.80,        81.50,        83.65,        81.50,        83.65,                   264240.00,3200, ,       121.85,        72.60
N,SM,YCCL,YASONS CHEMEX CARE LTD,        13.00,        13.35,        13.35,        12.50,        12.75,                   944550.00,75000, ,        26.20,        12.45
N,SM,ZEAL,ZEAL GLOBAL SERVICES LTD,       134.50,       134.55,       136.50,       133.00,       133.60,                  2409000.00,18000, ,       244.55,       119.00
G,ST,ABHAPOWER,ABHA POWER N STEEL LTD,        29.05,        29.60,        29.60,        29.60,        29.60,                    47360.00,1600, ,        81.90,        26.45
G,ST,ABSMARINE,ABS MARINE SERVICES LTD,       193.25,       197.10,       197.10,       197.10,       197.10,                  2168100.00,11000, ,       425.00,        92.10
N,ST,AESTHETIK,AESTHETIK ENGINEERS LTD,       135.40,       135.00,       139.00,       134.00,       136.00,                  4641400.00,34000, ,       144.70,        60.00
N,ST,AGARWALTUF,AGARWAL TOUGH GLASS IND L,       120.00,       121.30,       122.00,       114.00,       114.85,                 10965300.00,91200, ,       147.70,        81.00
G,ST,AGNI,AGNI GREEN POWER LTD,        27.80,        28.35,        28.35,        28.30,        28.35,                   425000.00,15000, ,        63.35,        17.90
N,ST,AILIMITED,ABHISHEK INTEGRATIONS LTD,        66.15,        66.15,        66.15,        66.15,        66.15,                   198450.00,3000, ,       115.20,        50.00
N,ST,AKANKSHA,AKANKSHA POWER N INFRA L,       107.25,       105.00,       106.60,       103.00,       106.60,                   831100.00,8000, ,       191.90,        82.00
N,ST,ALUWIND,ALUWIND INFRA-TECH LTD,        81.00,        79.00,        80.50,        77.00,        80.50,                   933375.00,12000, ,        88.80,        48.00
N,ST,APRAMEYA,APRAMEYA ENGINEERING LTD,       161.35,       157.00,       166.00,       157.00,       164.60,                  3941250.00,24000, ,       188.35,        55.00
N,ST,APS,AUSTRALIAN PREM SOLAR I L,       572.15,       574.90,       586.00,       555.00,       572.05,                 28194662.50,49500, ,       669.90,       345.00
N,ST,ARVINDPORT,ARVIND PORT AND INFRA LTD,        64.60,        62.15,        67.80,        62.00,        66.00,                  2458500.00,37500, ,       152.80,        45.80
N,ST,ASCOM,ASCOM LEASIN & INVEST LTD,        86.05,        86.05,        86.05,        86.05,        86.05,                    43025.00,500, ,       166.80,        76.55
G,ST,ASLIND,ASL INDUSTRIES LIMITED,        43.65,        43.65,        44.50,        42.80,        42.80,                   261900.00,6000, ,        53.55,        29.00
N,ST,ASPIRE,ASPIRE & INNOVATIVE ADV L,        34.85,        33.10,        33.10,        33.10,        33.10,                   331000.00,10000, ,       132.00,        25.45
N,ST,BALAJIPHOS,BALAJI PHOSPHATES LIMITED,       146.00,       146.00,       147.80,       142.50,       146.05,                  2604700.00,18000, ,       147.80,        72.60
N,ST,BARFLEX,BARFLEX POLYFILMS LIMITED,        66.40,        66.25,        67.00,        65.50,        67.00,                  1191600.00,18000, ,        72.90,        41.15
G,ST,BASILIC,BASILIC FLY STUDIO LTD,       439.05,       435.10,       435.10,       432.00,       432.00,                  2599560.00,6000, ,       657.60,       223.15
N,ST,BEWLTD,BEW ENGINEERING LIMITED,       169.40,       172.85,       175.00,       166.00,       168.00,                  2878000.00,17000, ,      1750.00,       134.10
N,ST,BIKEWO,BIKEWO GREEN TECH LIMITED,        22.45,        21.35,        21.95,        21.35,        21.80,                   520000.00,24000, ,        47.25,        14.00
G,ST,C2C,C2C ADVANCED SYSTEMS LTD,       641.80,       654.60,       654.60,       654.60,       654.60,                  7069680.00,10800, ,       954.00,       250.15
N,ST,CELLECOR,CELLECOR GADGETS LIMITED,        40.35,        40.00,        40.50,        38.35,        38.60,                 71522850.00,1854000, ,       330.50,        30.00
N,ST,CHAMUNDA,CHAMUNDA ELECTRICAL LTD,        43.10,        43.10,        43.10,        42.60,        42.70,                   513450.00,12000, ,        71.00,        36.10
N,ST,COMMITTED,COMMITTED CARGO CARE LTD,       229.00,       229.00,       239.00,       228.50,       239.00,                  1494440.00,6400, ,       261.00,        48.50
N,ST,CPS,C P S SHAPERS LIMITED,       836.00,       795.25,       795.25,       795.25,       795.25,                   238575.00,300, ,       880.00,       246.05
G,ST,CRAYONS,CRAYONS ADVERTISING LTD,        46.90,        47.80,        47.80,        47.80,        47.80,                    47800.00,1000, ,       147.80,        42.15
N,ST,DELTIC,DELTA AUTOCORP LIMITED,        74.75,        72.35,        74.95,        72.35,        74.55,                   590000.00,8000, ,       183.75,        66.50
G,ST,DESTINY,DESTINY LOGISTICS & I LTD,        90.45,        92.00,        92.25,        92.00,        92.25,                   552750.00,6000, ,       181.00,        26.20
N,ST,DHTL,DOCMODE HEALTH TECH LTD,        54.95,        52.20,        52.20,        52.20,        52.20,                    83520.00,1600, ,       143.00,        37.70
G,ST,DIVINEHIRA,DIVINE HIRA JEWELLERS LTD,        51.20,        52.00,        52.00,        51.75,        51.75,                   166000.00,3200, ,        90.00,        43.00
N,ST,DIVYADHAN,DIVYADHAN RECYCLING IND L,        51.30,        49.10,        52.85,        49.10,        52.85,                   407900.00,8000, ,        96.00,        36.00
G,ST,DPEL,DIVINE POWER ENERGY LTD,       135.80,       135.25,       135.25,       135.25,       135.25,                   405750.00,3000, ,       168.00,        66.25
N,ST,DRONE,DRONE DESTINATION LIMITED,       108.75,       107.30,       109.50,       106.25,       108.15,                  4628625.00,43000, ,       462.00,       104.55
N,ST,DYNAMIC,DYNAMIC SRVCS & SEC LTD,       150.25,       148.75,       150.85,       142.75,       146.00,                 41802875.00,292000, ,       404.35,       113.20
N,ST,EEPL,EPPELTONE ENGINEERS LTD,       251.70,       251.70,       252.00,       239.15,       239.20,                137630200.00,570000, ,       267.90,       239.15
N,ST,EFACTOR,E FACTOR EXPERIENCES LTD,       232.00,       232.00,       232.00,       232.00,       232.00,                   185600.00,800, ,       328.80,       127.50
N,ST,EFFWA,EFFWA INFRA & RESEARCH L,       245.00,       245.00,       245.00,       240.20,       240.45,                  1848880.00,7600, ,       389.15,       147.55
G,ST,EFORCE,ELECTRO FORCE (INDIA) LTD,        50.95,        49.95,        49.95,        49.95,        49.95,                    59940.00,1200, ,        83.85,        29.20
N,ST,EMKAYTOOLS,EMKAY TAP & CUT. TOOL LTD,       236.00,       236.00,       240.00,       224.20,       224.75,                  4862467.50,21450, ,       521.85,       221.00
G,ST,ENSER,ENSER COMMUNICATIONS LTD,        17.00,        16.70,        16.70,        16.70,        16.70,                   751500.00,45000, ,       327.20,        13.35
G,ST,ESCONET,ESCONET TECHNOLOGIES LTD,       201.25,       201.25,       201.25,       197.25,       197.25,                  1900000.00,9600, ,       539.95,       150.15
N,ST,FELIX,FELIX INDUSTRIES LTD.,       177.10,       178.85,       184.00,       178.85,       182.35,                 10849800.00,59500, ,       341.00,       108.00
N,ST,FIDEL,FIDEL SOFTECH LIMITED,       192.00,       192.00,       192.10,       192.00,       192.00,                   768200.00,4000, ,       234.00,       102.05
N,ST,FORCAS,FORCAS STUDIO LIMITED,       113.40,       113.00,       114.00,       110.00,       112.05,                 13163920.00,116800, ,       159.60,        65.05
N,ST,FROG,FROG CELLSAT LIMITED,       251.75,       246.75,       249.00,       241.00,       246.30,                  2549640.00,10400, ,       458.00,       211.15
N,ST,GANESHIN,GANESH INFRAWORLD LIMITED,       164.00,       169.00,       169.00,       160.00,       164.10,                  4854960.00,29600, ,       214.90,       106.25
N,ST,GCHOTELS,GRAND CONTINENT HOTELS L,       148.25,       146.70,       150.00,       145.00,       148.05,                 15303780.00,103200, ,       173.40,       101.90
N,ST,GGBL,GANESH GREEN BHARAT LTD,       486.75,       487.00,       507.70,       482.00,       494.20,                 34236585.00,69600, ,       635.00,       282.20
N,ST,GIRIRAJ,GIRIRAJ CIVIL DEVP LTD,       253.00,       257.00,       257.00,       241.00,       241.90,                  2621625.00,10500, ,       491.25,       179.00
N,ST,GOLDSTAR,GOLDSTAR POWER LIMITED,         9.90,         9.70,        10.15,         9.70,         9.80,                   663187.50,67500, ,        14.90,         7.20
N,ST,GSMFOILS,GSM FOILS LIMITED,       157.00,       163.95,       163.95,       156.00,       160.00,                  3526200.00,22000, ,       164.00,        41.65
N,ST,HOACFOODS,HOAC FOODS INDIA LIMITED,       206.50,       206.50,       214.50,       196.20,       211.25,                  3393937.50,16500, ,       219.90,       105.00
G,ST,HPTL,HP TELECOM INDIA LIMITED,       197.95,       198.00,       198.00,       198.00,       198.00,                   475200.00,2400, ,       215.15,       101.05
N,ST,HVAX,HVAX TECHNOLOGIES LIMITED,       935.00,       980.00,       980.00,       925.00,       969.40,                  1707420.00,1800, ,      1029.30,       461.70
G,ST,IEML,INDIAN EMULSIFIERS LTD,       142.20,       139.35,       145.00,       139.35,       145.00,                  9177100.00,65000, ,       474.00,        98.45
N,ST,INFLUX,INFLUX HEALTHTECH LIMITED,       126.20,       124.00,       129.40,       120.00,       128.05,                 92591400.00,739200, ,       135.85,       120.00
N,ST,INM,INTERIORS & MORE LIMITED,       524.55,       522.90,       522.90,       500.00,       519.00,                  2418270.00,4800, ,       550.00,       243.00
G,ST,INNOMET,INNOMET ADVANCED MATERI L,       191.20,       191.25,       191.25,       191.25,       191.25,                   459000.00,2400, ,       257.00,       100.00
G,ST,IPHL,INDIAN PHOSPHATE LIMITED,        59.85,        59.80,        59.85,        58.75,        58.75,                   357660.00,6000, ,       197.50,        42.40
N,ST,ITTL,INNOVATIVE TYRE & TUBE LT,        78.25,        79.80,        79.80,        79.80,        79.80,                     8379.00,105, ,        79.80,        18.60
N,ST,JAINIK,JAINIK POWER CABLES LTD,        71.90,        71.90,        73.00,        71.90,        72.45,                  1128060.00,15600, ,        86.10,        71.10
N,ST,JALAN,JALAN TRANSOLU. INDIA LTD,         8.40,         8.00,         8.00,         8.00,         8.00,                    72000.00,9000, ,        14.60,         2.90
G,ST,JIWANRAM,JIWANRAM SHEODUTTRA IND L,        10.20,        10.00,        10.00,        10.00,        10.00,                    60000.00,6000, ,        22.95,         6.00
N,ST,K2INFRA,K2 INFRAGEN LIMITED,        70.40,        73.85,        73.90,        68.50,        71.50,                  3298890.00,46200, ,       329.00,        66.70
N,ST,KANDARP,KANDARP DG SMART BPO LTD,        89.55,        87.00,        87.00,        87.00,        87.00,                   174000.00,2000, ,        96.50,        29.00
N,ST,KARNIKA,KARNIKA INDUSTRIES LTD,       659.50,       655.00,       662.00,       650.00,       654.05,                  1701540.00,2600, ,       714.90,       228.05
G,ST,KCEIL,KAY CEE ENERGY & INFRA L,       336.55,       330.10,       343.25,       329.85,       343.25,                 38419750.00,114500, ,       424.50,       157.00
G,ST,KEN,KEN ENTERPRISES LIMITED,        39.00,        38.50,        38.50,        38.50,        38.50,                   184800.00,4800, ,        85.00,        35.25
N,ST,KONSTELEC,KONSTELEC ENGINEERS LTD,        66.80,        66.80,        66.80,        65.00,        65.75,                   723900.00,11000, ,       226.00,        59.50
N,ST,KONTOR,KONTOR SPACE LIMITED,        78.85,        78.85,        79.70,        74.90,        79.20,                  1851030.00,24000, ,       200.05,        58.40
N,ST,KORE,JAY JALARAM TECHNO LTD,       117.60,       123.40,       123.45,       123.40,       123.45,                    92575.00,750, ,       873.00,       111.80
G,ST,KOTYARK,KOTYARK INDUSTRIES LTD,       313.60,       313.70,       316.00,       313.70,       316.00,                  1541630.00,4900, ,      1195.00,       303.00
N,ST,LAMOSAIC,LAMOSAIC INDIA LIMITED,        38.20,        38.30,        39.00,        38.30,        38.95,                   395040.00,10200, ,       172.20,        37.65
G,ST,LAWSIKHO,ADDICTIVE LEARNING TECH L,       137.35,       137.45,       140.00,       137.45,       140.00,                  2582600.00,18500, ,       448.50,       125.60
N,ST,LEMERITE,LE MERITE EXPORTS LIMITED,       300.05,       302.00,       302.00,       288.20,       288.75,                 22887360.00,78800, ,       325.80,       135.00
N,ST,LLOYDS,LLOYDS LUXURIES LIMITED,        92.70,        92.70,        95.50,        90.80,        95.10,                   745800.00,8000, ,       125.75,        64.00
G,ST,LRRPL,LEAD REC AND RUB PROD LTD,        74.45,        73.45,        73.45,        73.45,        73.45,                   110175.00,1500, ,       121.65,        31.00
N,ST,MADHAVBAUG,VAIDYA SANE AYUR LAB LTD,       154.00,       155.00,       155.00,       155.00,       155.00,                  1054000.00,6800, ,       177.95,        81.10
G,ST,MAGSON,MAGSON RETAIL AND DIST L,       137.20,       139.90,       139.90,       139.90,       139.90,                   139900.00,1000, ,       166.10,        75.50
G,ST,MAKS,MAKS ENERGY SOL INDIA LTD,        31.55,        32.15,        32.15,        32.15,        32.15,                    96450.00,3000, ,        79.85,        25.50
G,ST,MAL,MANGALAM ALLOYS LIMITED,        71.95,        73.35,        73.35,        73.35,        73.35,                   352080.00,4800, ,        73.35,        26.25
N,ST,MANDEEP,MANDEEP AUTO INDUSTRIES L,        27.70,        26.50,        26.70,        26.50,        26.70,                   106400.00,4000, ,        74.40,        17.80
G,ST,MASON,MASON INFRATECH LIMITED,       163.80,       167.05,       167.05,       167.05,       167.05,                  4343300.00,26000, ,       218.75,        73.50
N,ST,MASTER,MASTER COMPONENTS LIMITED,       335.00,       335.00,       335.00,       335.00,       335.00,                   167500.00,500, ,       425.00,       250.00
N,ST,MAXVOLT,MAXVOLT ENERGY INDUS L,       211.20,       214.90,       214.90,       214.90,       214.90,                   859600.00,4000, ,       274.80,       145.05
G,ST,MEDIORG,MEDICAMEN ORGANICS LTD,        46.85,        45.95,        45.95,        45.95,        45.95,                   183800.00,4000, ,       159.40,        19.60
N,ST,MIEL,MANGLAM INFRA & ENG LTD,        23.00,        22.55,        22.55,        22.35,        22.35,                    89800.00,4000, ,       123.10,        20.00
N,ST,MONOLITH,MONOLITHISCH INDIA LTD,       267.15,       266.00,       279.40,       253.80,       262.70,                 68465200.00,260000, ,       279.40,       219.45
G,ST,MVKAGRO,M.V.K. AGRO FOOD PROD LTD,       145.50,       148.40,       148.40,       148.40,       148.40,                  3027360.00,20400, ,       148.40,        32.05
G,ST,NAMAN,NAMAN IN-STORE (INDIA) L,       109.45,       109.45,       109.45,       107.30,       107.30,                   865920.00,8000, ,       257.00,        55.75
N,ST,NEELAM,NEELAM LINENS & GAR (I) L,        26.40,        25.50,        25.90,        25.25,        25.90,                  2581500.00,102000, ,        74.40,        18.50
N,ST,NEWJAISA,NEWJAISA TECHNOLOGIES LTD,        39.25,        39.90,        40.25,        37.30,        38.95,                  2295825.00,60000, ,       146.90,        35.50
N,ST,NIRMAN,NIRMAN AGRI GENTICS LTD,       198.50,       203.25,       203.30,       193.50,       196.55,                  4157745.00,21000, ,       484.40,       177.05
G,ST,NMSTEEL,NEWMALAYALAM STEEL LTD,        29.10,        29.65,        29.65,        29.10,        29.10,                   233680.00,8000, ,        90.00,        23.35
N,ST,OBSCP,OBSC PERFECTION LIMITED,       305.60,       298.00,       299.00,       290.35,       290.35,                  7377360.00,25200, ,       310.10,       110.00
N,ST,OLIL,ONECLICK LOGISTICS IND L,       194.10,       196.00,       199.60,       189.00,       199.55,                 10458900.00,54000, ,       204.40,        62.00
G,ST,ONDOOR,ON DOOR CONCEPTS LIMITED,       146.55,       143.65,       143.65,       143.65,       143.65,                    86190.00,600, ,       544.90,       120.85
N,ST,ORIANA,ORIANA POWER LIMITED,      2262.00,      2273.30,      2273.30,      2224.80,      2238.40,                 67477698.75,30000, ,      2797.00,      1000.00
G,ST,OWAIS,OWAIS METAL & MINERAL,       607.00,       600.00,       600.00,       594.90,       594.90,                  2805830.00,4700, ,      1569.00,       449.30
G,ST,PARAMOUNT,PARAMOUNT DYE TEC LIMITED,        61.75,        60.55,        60.55,        60.55,        60.55,                    72660.00,1200, ,       109.90,        46.25
N,ST,PATILAUTOM,PATIL AUTOMATION LIMITED,       179.35,       179.95,       183.70,       171.00,       171.85,                 85863540.00,483600, ,       183.70,       155.00
G,ST,PHOGLOBAL,PHOENIX OVERSEAS LIMITED,        23.50,        23.95,        23.95,        23.95,        23.95,                    47900.00,2000, ,        64.00,        16.75
G,ST,POLYSIL,POLYSIL IRRIGATION SYST L,        69.20,        70.55,        70.55,        70.55,        70.55,                 12840100.00,182000, ,        70.55,        14.25
N,ST,POSITRON,POSITRON ENERGY LIMITED,       328.95,       324.00,       324.00,       315.00,       320.75,                  3531060.00,11100, ,       668.20,       225.00
N,ST,PRAMARA,PRAMARA PROMOTIONS LTD,       178.15,       183.00,       183.00,       177.10,       179.75,                  7877350.00,44000, ,       187.95,       101.05
G,ST,PRECISION,PRECISION METALIKS LTD,        20.80,        21.20,        21.20,        21.20,        21.20,                    84800.00,4000, ,        70.90,        17.50
N,ST,PRITIKA,PRITIKA ENG COMPO LTD,        76.80,        76.80,        76.80,        76.80,        76.80,                   153600.00,2000, ,       210.00,        54.00
N,ST,PRIZOR,PRIZOR VIZTECH LIMITED,       203.15,       205.00,       212.00,       197.00,       211.55,                 11086200.00,53600, ,       229.45,       105.10
N,ST,PROLIFE,PROLIFE INDUSTRIES LTD,       152.00,       159.00,       159.00,       158.00,       158.00,                   158500.00,1000, ,       361.00,       139.05
G,ST,PURPLEUTED,PURPLE UNITED SALES LTD,       326.00,       320.00,       332.50,       319.50,       332.50,                  4807550.00,15000, ,       342.55,       119.55
N,ST,PURVFLEXI,PURV FLEXIPACK LIMITED,        75.10,        75.10,        75.10,        74.00,        74.00,                   179160.00,2400, ,       231.00,        70.10
N,ST,QUADPRO,QUADPRO ITES LIMITED,         4.30,         4.10,         4.10,         4.10,         4.10,                   147600.00,36000, ,         6.75,         2.95
G,ST,QUICKTOUCH,QUICKTOUCH TECHNOLOGIES L,        67.60,        66.25,        67.60,        66.25,        67.60,                   100050.00,1500, ,       205.90,        40.05
G,ST,QVCEL,QVC EXPORTS LIMITED,        34.30,        33.70,        33.70,        33.65,        33.65,                   107760.00,3200, ,       162.00,        22.20
G,ST,RBMINFRA,RBM INFRACON LIMITED,       471.20,       480.60,       480.60,       480.50,       480.60,                  6151660.00,12800, ,      1049.00,       249.85
G,ST,READYMIX,READYMIX CONSTRU MACHI L,       106.00,       108.10,       108.10,       104.00,       105.00,                  2320200.00,22000, ,       123.00,        55.20
N,ST,REFRACTORY,REFRACTORY SHAPES LIMITED,        57.90,        58.50,        60.75,        58.00,        60.75,                   599950.00,10000, ,       283.00,        51.65
G,ST,REXPIPES,REX PIPES AND CABLES LTD,       130.85,       128.25,       128.25,       128.25,       128.25,                 12055500.00,94000, ,       139.50,        57.00
N,ST,RILINFRA,RACHANA INFRA LTD,        42.00,        41.15,        42.85,        40.55,        41.60,                  1053370.00,25400, ,        97.20,        25.55
G,ST,ROCKINGDCE,ROCKINGDEALS CIRCU ECO L,       184.50,       184.50,       184.60,       184.50,       184.60,                   184550.00,1000, ,       687.50,       160.55
G,ST,ROXHITECH,ROX HI TECH LIMITED,        45.20,        45.20,        46.05,        45.20,        46.05,                   512320.00,11200, ,       152.35,        35.05
N,ST,ROYALARC,ROYAL ARC ELECTRODES LTD,       151.00,       148.00,       148.00,       145.10,       145.10,                   351720.00,2400, ,       187.80,       114.25
N,ST,RULKA,RULKA ELECTRICALS LIMITED,       133.40,       133.40,       138.20,       127.15,       137.95,                   646710.00,4800, ,       666.60,       127.00
N,ST,SABAR,SABAR FLEX INDIA LIMITED,         4.00,         3.80,         4.20,         3.80,         4.20,                  1011500.00,250000, ,        30.30,         3.80
N,ST,SACHEEROME,SACHEEROME LIMITED,       154.65,       158.90,       161.85,       155.00,       158.85,                 37256940.00,234000, ,       173.50,       140.50
G,ST,SADHAV,SADHAV SHIPPING LIMITED,       104.65,       106.65,       106.65,       102.55,       103.95,                   814860.00,7800, ,       264.90,        76.95
G,ST,SAHAJ,SAHAJ FASHIONS LIMITED,        10.90,        11.10,        11.10,        11.10,        11.10,                    88800.00,8000, ,        24.00,         6.95
N,ST,SAHAJSOLAR,SAHAJ SOLAR LIMITED,       266.00,       269.00,       275.80,       264.20,       268.00,                  8983540.00,33200, ,       790.00,       194.00
N,ST,SAHASRA,SAHASRA ELECTRONIC SOLU L,       316.20,       311.95,       311.95,       300.40,       300.40,                 12739820.00,42000, ,      1013.00,       266.30
G,ST,SAIFL,SAMEERA AGRO AND INFRA L,        24.85,        25.00,        25.25,        25.00,        25.25,                   301800.00,12000, ,       154.00,        20.15
N,ST,SAMAY,SAMAY PROJECT SERVICES L,        35.95,        36.80,        36.80,        35.00,        35.25,                  3267200.00,92000, ,        37.50,        34.20
N,ST,SATECH,S A TECH SOFTWARE INDIA L,        55.55,        57.45,        57.45,        54.00,        57.00,                  1166250.00,21000, ,       250.00,        45.00
G,ST,SATIPOLY,SATI POLY PLAST LIMITED,        89.75,        88.00,        88.00,        88.00,        88.00,                   132000.00,1500, ,       268.70,        68.10
N,ST,SATKARTAR,SAT KARTAR SHOPPING LTD,       188.15,       188.90,       192.80,       185.00,       191.20,                  8036440.00,42400, ,       241.95,       130.20
N,ST,SDREAMS,S D RETAIL LIMITED,       132.00,       137.95,       137.95,       137.95,       137.95,                   137950.00,1000, ,       215.00,        86.35
G,ST,SHANTHALA,SHANTHALA FMCG PRODUCTS L,        29.45,        30.00,        30.00,        29.00,        29.00,                   214800.00,7200, ,        79.90,        20.40
G,ST,SHEETAL,SHEETAL UNIVERSAL LIMITED,       115.95,       114.05,       118.00,       114.05,       116.50,                  3721800.00,32000, ,       138.50,        54.50
N,ST,SIGNORIA,SIGNORIA CREATION LIMITED,       122.90,       117.00,       117.00,       116.75,       116.75,                   233750.00,2000, ,       177.00,        60.00
N,ST,SILKFLEX,SILKFLEX POLYMERS INDIA L,       104.15,       102.50,       102.50,       102.05,       102.25,                   613600.00,6000, ,       114.50,        50.65
N,ST,SLONE,SLONE INFOSYSTEMS LIMITED,       251.45,       254.00,       257.00,       254.00,       257.00,                   614400.00,2400, ,       476.00,       117.00
N,ST,SMVD,SMVD POLY PACK LIMITED,        15.30,        14.65,        14.65,        14.65,        14.65,                    59186.00,4040, ,        21.70,         8.25
G,ST,SOLEX,SOLEX ENERGY LIMITED,      1315.00,      1313.00,      1313.00,      1290.00,      1290.00,                 12953875.00,10000, ,      1919.10,       630.90
N,ST,SONUINFRA,SONU INFRATECH LIMITED,       134.00,       134.20,       134.20,       134.00,       134.00,                   603450.00,4500, ,       145.00,        48.95
N,ST,SPCL,SHIVALIC POWER CONTROL L,       125.35,       122.70,       126.50,       122.10,       124.70,                  2012730.00,16200, ,       396.75,       103.90
N,ST,SUNLITE,SUNLITE RECYCLING IND LTD,       168.10,       168.10,       173.95,       168.10,       173.40,                   823740.00,4800, ,       210.00,        91.00
G,ST,SUPREMEPWR,SUPREME POWER EQUIPMENT L,       218.70,       223.05,       223.05,       223.05,       223.05,                  2565075.00,11500, ,       420.00,       100.00
N,ST,SURANI,SURANI STEEL TUBES LTD.,       113.00,       107.50,       114.60,       107.35,       111.05,                   474230.00,4400, ,       397.00,       102.10
N,ST,SWARAJ,SWARAJ SUITING LIMITED,       206.65,       211.50,       211.50,       205.05,       209.00,                  2400625.00,11500, ,       364.70,       138.50
G,ST,SYNOPTICS,SYNOPTICS TECHNOLOGIES L,        79.70,        79.70,        81.25,        79.70,        81.25,                   535290.00,6600, ,       138.10,        51.50
G,ST,TANKUP,TANKUP ENGINEERS LIMITED,       321.70,       315.90,       315.90,       315.90,       315.90,                   315900.00,1000, ,       347.15,       152.55
G,ST,TBI,TBI CORN LIMITED,       116.85,       114.55,       116.80,       114.55,       116.80,                  2272140.00,19800, ,       399.30,        75.20
N,ST,TECHERA,TECHERA ENGINEER (IND) L,       216.95,       216.95,       227.00,       206.10,       206.10,                  9276480.00,43200, ,       249.75,       115.60
G,ST,TECHLABS,TRIDENT TECHLABS LIMITED,       577.50,       565.95,       565.95,       565.95,       565.95,                  4881318.75,8625, ,      1670.00,       472.20
N,ST,TGL,TEERTH GOPICON LIMITED,       129.70,       125.50,       130.50,       124.00,       126.80,                  6353170.00,50200, ,       774.00,       124.00
N,ST,TIRUPATI,SHREE TIRUPATI BALAJEE,       480.00,       490.00,       490.00,       490.00,       490.00,                   612500.00,1250, ,       999.85,       452.95
N,ST,TROM,TROM INDUSTRIES LIMITED,       110.00,       110.00,       110.00,       107.50,       108.00,                   391200.00,3600, ,       330.95,       104.50
G,ST,TRUST,TRUST FINTECH LIMITED,        65.65,        66.95,        66.95,        64.50,        66.20,                  1628700.00,24600, ,       300.60,        63.15
N,ST,URBAN,URBAN ENVIRO WASTE MGMT L,       150.00,       150.00,       152.00,       148.00,       151.20,                  5273240.00,35200, ,       695.15,       136.05
N,ST,USHAFIN,USHA FINANCIAL SERVICES L,        85.05,        87.00,        87.00,        81.20,        85.00,                  2023960.00,24000, ,       168.00,        48.65
N,ST,UTSSAV,UTSSAV CZ GOLD JEWELS LTD,       235.50,       233.00,       235.50,       232.00,       234.95,                  5996670.00,25800, ,       315.25,       110.05
N,ST,VDEAL,VDEAL SYSTEM LIMITED,       146.05,       153.35,       153.35,       152.50,       153.35,                   551040.00,3600, ,       204.00,       100.25
N,ST,VELS,VELS FILM INTERNATIONAL L,        69.30,        66.00,        72.20,        65.85,        68.40,                   567300.00,8400, ,        94.50,        35.15
N,ST,VERITAAS,VERITAAS ADVERTISING LTD,        73.80,        77.45,        77.45,        70.15,        70.15,                   447360.00,6000, ,       183.00,        65.45
G,ST,VERTEXPLUS,VERTEXPLUS TECHNOLOGIES L,       108.20,       110.35,       110.35,       110.35,       110.35,                   132420.00,1200, ,       191.80,        73.40
N,ST,VILAS,VILAS TRANSCORE LIMITED,       586.60,       590.90,       594.00,       581.50,       593.25,                  3976775.00,6750, ,       673.70,       291.00
N,ST,VIVIANA,VIVIANA POWER TECH LTD,      1265.60,      1273.00,      1273.00,      1203.00,      1220.50,                  8716168.75,7125, ,      1424.95,       598.00
N,ST,VMARCIND,V MARC INDIA LIMITED,       300.40,       291.00,       314.00,       291.00,       310.80,                  8639650.00,28000, ,       494.15,       154.35
N,ST,WINSOL,WINSOL ENGINEERS LIMITED,       206.65,       207.45,       216.95,       200.00,       214.75,                  9344700.00,44800, ,       530.00,       155.00
G,ST,YUDIZ,YUDIZ SOLUTIONS LIMITED,        31.50,        30.90,        30.90,        30.90,        30.90,                    49440.00,1600, ,        88.45,        27.40
N,ST,ZENITHDRUG,ZENITH DRUGS LIMITED,        69.45,        69.45,        69.45,        66.00,        68.90,                   760720.00,11200, ,       154.40,        47.15
G,ST,ZTECH,Z-TECH (INDIA) LIMITED,       589.25,       589.00,       589.00,       578.00,       580.00,                  9755610.00,16800, ,       731.15,       206.65
